y_true,y_pred,y_prob,sensitive_features
1,0,0.2510665162769125,1
0,0,0.04057127115546868,1
0,0,0.27212636903775256,1
1,0,0.22604075517955016,0
0,0,0.15706780201677203,0
0,0,0.11833092351926303,0
0,0,0.057415529600340964,0
0,0,0.0401397875732152,1
0,0,0.14195505840401232,1
1,0,0.1824676239627766,1
0,0,0.08622364828527562,1
1,0,0.11436033137506964,1
0,0,0.11326192267501206,0
0,0,0.077700228194554,0
0,0,0.364168452124727,1
1,0,0.3539565218945626,1
0,0,0.09327317959017736,1
1,1,0.5257197382932782,1
1,1,0.5662160156395536,1
1,1,0.9247840252192273,1
0,0,0.032770127734367785,0
0,0,0.007360056333422515,0
0,0,0.1306901892929426,0
0,0,0.03080751211364105,1
0,0,0.05774483820304497,0
1,0,0.4205832037418052,1
0,0,0.025979739990443146,1
0,0,0.1735567058194703,1
0,0,0.1767472022998711,1
1,1,0.6998291862762651,1
0,0,0.06270356432108136,0
0,0,0.030113998937932755,1
1,0,0.42429755413095577,1
1,0,0.31714887227821237,1
0,0,0.024784029222578344,1
0,0,0.26505041261448703,1
0,0,0.06700814240622965,0
0,0,0.01733721828321046,0
0,0,0.27973544511777276,1
0,0,0.12512196509485207,1
0,0,0.050588844389288616,1
1,0,0.3697320501069546,1
0,0,0.19492614798171928,1
0,0,0.38272749751994145,1
0,0,0.433925493845219,1
0,0,0.0638593509500867,0
0,0,0.022896743640704886,1
1,0,0.18461891025545954,1
1,1,0.5646908282605939,1
0,0,0.21706729596867672,1
0,0,0.0753724631586044,1
0,0,0.16965070072316726,1
0,0,0.12648178567068394,1
1,0,0.3244315937165038,1
1,1,0.9673896803662749,1
0,0,0.20425557645344575,1
0,0,0.0477097396781678,0
0,0,0.4595139407242038,1
1,0,0.4340184746815149,1
0,0,0.02133053550086927,0
0,0,0.016662851095617107,0
1,0,0.4781875875952202,0
0,0,0.04377482093284332,1
0,0,0.10110062778692788,1
0,0,0.05073800789161659,1
0,0,0.117524610206444,1
0,0,0.05916069309057686,0
0,0,0.0637730592436894,0
0,0,0.05109904366808583,1
0,0,0.05742603008786165,0
0,0,0.03167423500112343,0
1,0,0.2116330793321036,1
0,0,0.11111437134044462,1
0,0,0.15850217999470692,1
0,0,0.12133636126894319,1
0,0,0.15408167247225002,1
0,0,0.27409609532414236,1
0,0,0.08366456252961636,0
0,0,0.0570489572776358,1
0,0,0.06908958268887982,1
0,0,0.3544230118448287,1
0,0,0.05492368454639304,1
1,0,0.39509868171022533,1
0,0,0.08976446913084432,0
1,0,0.45597393945114517,1
0,0,0.1053121549169034,1
0,0,0.026725305911328816,0
1,0,0.21783251619374722,1
1,0,0.14682784873348417,0
0,0,0.10852740528526826,1
0,0,0.201530936547103,1
0,1,0.6451615594374864,1
0,0,0.11433537329502637,0
1,0,0.3093103024537405,1
0,0,0.48204603873005736,1
0,0,0.14962287092493332,1
0,0,0.12890538805393648,1
0,0,0.10439319158748019,0
0,0,0.4076832239810271,1
0,0,0.024602915277192845,0
0,0,0.12828745370753017,0
0,0,0.05917273814503469,0
0,0,0.015143290148171958,0
0,0,0.1770657602323775,1
0,0,0.0760709172889938,1
0,0,0.4137800934697839,1
0,0,0.04645625499246574,0
1,0,0.2661801939138037,1
0,0,0.032000470273145155,0
1,0,0.379291342054116,1
1,1,0.6639548568219567,1
0,0,0.2389917538656302,1
0,0,0.0759310399224506,1
0,0,0.02487719828133684,0
0,0,0.11335698805570345,1
0,0,0.014981022670068367,0
0,0,0.3619523984186209,1
0,0,0.03928355314766786,0
0,0,0.1669882434743344,0
0,0,0.2872467933688191,0
0,0,0.12255895435629162,0
0,0,0.10976784137413058,1
0,0,0.10850759799603447,0
1,1,0.5250048142638095,1
0,0,0.25853602063699127,1
0,0,0.06033309124046746,1
0,0,0.015344638337345898,0
0,0,0.23834251217382546,1
0,0,0.30358319642037424,1
1,0,0.4338675375912712,1
1,0,0.2377896568341328,1
0,0,0.05013907840735936,0
0,0,0.04452596510103182,0
0,0,0.22467254391231403,0
0,0,0.2483957868590344,1
0,0,0.19425969550724648,0
1,1,0.5954746931687918,1
0,0,0.0691829647689135,0
0,0,0.06573384703692398,0
0,0,0.450088567864416,1
0,0,0.04775748127881085,0
0,0,0.4098477338313454,1
0,0,0.14314890114733017,1
1,0,0.4714772570029626,0
0,0,0.19887416364439056,1
0,0,0.06463263496663235,0
0,0,0.026955436687304584,0
1,0,0.16770796047656458,0
0,0,0.13668030877207876,1
1,0,0.07421043820502052,1
0,0,0.023991229335833798,0
1,1,0.6819204447827376,1
0,0,0.11308665993595775,0
0,0,0.10267695907550695,0
0,0,0.21695447653765176,1
0,0,0.17508021116471964,0
0,0,0.1396910628290169,0
0,0,0.2593623842372896,0
0,0,0.16618833973060634,1
0,0,0.01884771272818847,0
1,1,0.5680344771555285,1
0,0,0.14860284304541477,1
0,0,0.08956829426126268,1
0,0,0.19332155425052747,1
0,0,0.13786312330807252,0
0,0,0.05199783373053475,1
1,0,0.44256334041994516,1
0,0,0.3131967526826502,1
0,0,0.2902251623912169,1
0,0,0.17932690561556966,1
0,0,0.23068099963735864,1
0,0,0.14871297443937107,1
0,0,0.11972658185509107,1
0,0,0.08168887257241104,1
1,0,0.11051079686626307,0
1,0,0.22352281210546204,1
0,0,0.1731702151056789,1
1,0,0.2954212611586166,1
0,0,0.2171849125758207,1
0,0,0.17855734111976074,1
0,0,0.24429423515987894,1
0,0,0.033665489117467466,1
0,0,0.07603519640994282,1
0,0,0.19995015237331826,1
0,0,0.05769709982549881,1
0,0,0.10943572404781497,1
1,0,0.42142877493166403,1
0,0,0.09241432958112182,0
0,0,0.13133391858047733,1
1,0,0.18328181888687703,1
0,0,0.02911040394942289,1
0,0,0.06940515951643154,1
0,0,0.019548854938696417,1
0,0,0.10782747855313178,1
0,0,0.08822817124027128,0
0,0,0.02753307492251287,0
0,0,0.024795049469452466,0
1,0,0.1476248628192352,0
0,0,0.09951099538115156,0
0,0,0.05682465796098509,0
1,0,0.2505287833858802,1
0,0,0.019478137775255172,0
1,0,0.3030541451082074,1
0,0,0.09558509159564052,0
0,0,0.056244940440612144,1
0,0,0.1619200837518053,1
1,0,0.2164659319437714,1
0,0,0.06570386997353449,1
0,0,0.0615336872384472,0
0,0,0.36870758726165187,1
0,0,0.05563320453800967,1
0,0,0.12947821151296518,1
0,0,0.15688710311133527,1
0,0,0.01631103211406098,1
0,0,0.09922180427242765,1
0,0,0.31931257760466375,1
0,0,0.01588735642511372,0
0,0,0.35690361493901357,0
1,0,0.25409282401044464,0
0,0,0.37386073488544697,1
0,0,0.055190456156203264,1
0,0,0.19492614798171928,1
0,0,0.03261244950387522,0
1,1,0.9159061426210738,1
0,0,0.07919901072592704,0
0,0,0.031570818723393734,0
1,0,0.382212761686837,1
0,0,0.06034983109824362,1
0,0,0.23770600259096375,0
0,0,0.056768223469433075,0
0,0,0.03649278578806736,1
0,0,0.18199142777255195,1
0,0,0.2190227679212451,1
0,1,0.6088281572407692,1
0,0,0.023228090412773607,1
0,0,0.12139206774008991,0
0,0,0.2279939719906904,1
0,0,0.014907979666478787,0
0,0,0.22119392072558683,1
0,0,0.1319822806748333,0
0,0,0.054945969932223206,0
1,0,0.28431124089146564,0
1,0,0.08529675877386599,1
0,0,0.040859234849547024,1
0,0,0.06266358261034348,0
0,0,0.32229843559631444,1
0,0,0.15888191045860364,1
0,0,0.041611128517837326,1
1,1,0.7233453322573256,1
0,0,0.23750737563817378,0
0,0,0.4786469086982561,1
0,0,0.12790196363362064,0
1,1,0.5031567656960794,0
0,0,0.04721171905621544,1
0,0,0.043108156263735806,0
1,0,0.3055241411988695,1
0,0,0.026450462592009262,1
0,0,0.2115042992130471,0
1,0,0.31719628278814277,0
0,0,0.1533725534209137,1
0,0,0.10006649036045093,1
0,0,0.15027589186917498,1
0,0,0.04409007484109246,0
1,0,0.37749326711487313,1
0,0,0.15063648637361227,1
1,0,0.3319953159580372,1
0,0,0.15483274821255674,0
0,0,0.2468066127391506,1
0,0,0.41518133422628867,0
1,0,0.20950621533177385,1
0,0,0.03730117495723445,0
1,0,0.10704385184424484,1
1,1,0.5392708625584984,1
0,0,0.023591045824802547,1
0,0,0.32553715476167894,1
0,0,0.24666460824998615,1
0,0,0.1470788572525347,1
0,0,0.4465446343330147,1
0,0,0.29120278460654975,1
0,0,0.04180836828323582,0
0,0,0.123442977940946,1
1,0,0.48751570984841935,1
0,0,0.18782580801158957,1
0,0,0.11052516218300636,1
1,0,0.21193164662941918,1
0,0,0.1572308938479251,1
0,0,0.11321922394481117,0
0,0,0.04698188298646671,1
0,0,0.024118817461835265,0
0,0,0.2550859678711299,1
0,0,0.3960024902896649,1
0,0,0.04732303486744233,1
0,0,0.18627513650986194,1
0,1,0.7125171023103251,1
0,0,0.11187434614243573,1
0,0,0.1368282039649214,0
0,0,0.26644366878595127,1
1,0,0.38884790173664996,1
0,0,0.31254681671161594,1
0,0,0.0658013073629529,0
0,0,0.02842106033194388,0
1,1,0.6037750862129355,1
1,1,0.6154598859473097,1
0,0,0.42935588863638613,1
0,0,0.2662293502253582,1
0,0,0.01521455629018124,0
1,0,0.28752141480503896,1
0,0,0.15018232240324336,1
0,0,0.0412118211951463,0
0,0,0.0402804163581397,0
0,0,0.49010780414884114,1
0,0,0.056793531977867184,0
0,0,0.024789412016048555,0
0,0,0.3552664027997621,1
0,0,0.23098793040555893,0
0,0,0.04706080003685113,0
0,0,0.08450497766501767,1
0,0,0.09746065712521955,0
1,1,0.5670686128115939,1
1,0,0.18251617172499862,1
1,0,0.23288665236596942,0
1,0,0.3060010330029857,1
1,0,0.4709416399302333,1
0,0,0.48659747915123464,1
1,0,0.17495150561456577,1
1,0,0.29942574384638976,1
0,0,0.16015363656759757,1
0,0,0.05617063770615771,0
1,0,0.35660083215922106,1
0,0,0.2184270578969818,1
0,0,0.036365424355061154,1
1,0,0.15992837083555175,0
0,0,0.11562127529764762,1
0,0,0.16720530912399723,1
0,0,0.036345802554937384,0
0,0,0.46336701307045924,1
0,0,0.02323183392752073,1
0,0,0.302889496715303,1
0,0,0.032421677246554786,1
1,1,0.8647554268748466,0
1,0,0.24612535665217677,1
0,0,0.05672124756436956,1
0,0,0.07482236728448105,0
0,0,0.14885133627686117,1
0,0,0.03305231752752738,1
1,0,0.35319893689867204,1
1,0,0.28178692601648014,1
1,0,0.46444060334760723,1
0,0,0.03909112859012096,0
0,0,0.24049920787962392,1
0,0,0.29099294265885767,1
0,1,0.5768253587236017,1
0,0,0.28623506735011417,1
0,0,0.14749586548727206,0
0,0,0.05141334816583891,0
1,1,0.6122866575491185,1
0,0,0.0959231337944593,0
0,0,0.06791831461732484,1
0,0,0.08302296527272168,1
0,0,0.32471206890237053,1
0,0,0.31834677501167613,0
0,1,0.5361436515422727,1
0,0,0.22646945664474596,1
0,0,0.13583569675806054,0
0,0,0.15232911389136156,1
1,1,0.7279055626540641,1
0,0,0.21644331691517651,1
1,1,0.5060985581653901,1
0,0,0.03579736641157071,1
1,1,0.7279055626540641,1
0,0,0.30750865501150143,1
0,0,0.025554781152610607,0
0,0,0.042822007297896064,1
0,1,0.6036272033675693,1
0,0,0.21363982435164755,1
0,0,0.46621614520560456,1
0,0,0.3899661792963774,1
1,1,0.5959840604340134,1
0,0,0.1580000354189236,1
1,0,0.2592825970852895,1
1,1,0.6538552066128669,1
1,0,0.2540838971899049,1
0,0,0.05591013757354875,0
0,0,0.20218776623461973,0
0,0,0.10281688239459837,0
0,0,0.12989966239182119,0
0,0,0.08794785354016713,0
0,1,0.7270118606656204,1
0,0,0.18547473569453565,0
0,0,0.029792514731384286,0
0,0,0.4356832373200695,1
0,0,0.19468565072207278,1
1,0,0.26702199709319485,1
0,0,0.23581955081311132,1
1,1,0.6511564439914473,1
1,0,0.22295732056856304,0
0,0,0.08971399409800798,1
0,0,0.2812343189364996,1
1,0,0.4188701600778668,1
0,0,0.27990059797646744,1
0,0,0.2564841604797179,1
0,0,0.1971406190403107,1
0,0,0.02025624103728505,1
0,0,0.014900078240810697,1
0,0,0.023242479602626872,0
0,0,0.09403569961194853,0
0,0,0.13768663290359007,1
0,0,0.04475285141046314,0
0,0,0.059449726386763616,0
0,0,0.16664860339848156,1
0,0,0.11494826004808148,0
1,0,0.3561516711819932,1
0,0,0.05076687420832061,1
0,0,0.026330738414803222,0
0,0,0.03598679137144896,0
0,0,0.10394389586029418,0
1,0,0.4791273883893458,1
1,0,0.12632088885558,1
0,0,0.04859549487395584,1
0,0,0.055984640612637276,0
0,0,0.3587385432180766,1
1,0,0.45746386433136016,1
1,0,0.2925452157194263,1
0,0,0.09840001871113987,1
1,0,0.14408321983358438,0
1,0,0.19163535688188804,1
1,0,0.4816104641188052,1
0,0,0.19015100162529244,1
0,0,0.021506411455838526,1
0,0,0.19345219575524938,1
1,0,0.3188115984919588,1
0,0,0.12497269232482501,1
0,0,0.3994593576140112,1
0,0,0.2377896568341328,1
1,1,0.5646538629831962,1
1,0,0.30528498772790946,1
0,0,0.27165044834943897,1
0,0,0.06132662619981621,1
0,0,0.051937323327809266,0
0,0,0.024153502173577077,0
1,1,0.5730803319978204,1
0,0,0.40971565164053236,1
1,0,0.2998514091800696,0
0,0,0.24718099455800527,1
0,0,0.022770462049972157,1
0,0,0.17041737742782187,1
0,0,0.07294005182450734,1
1,0,0.27952592510973556,1
0,0,0.0901170162398163,0
0,0,0.08098558408100899,1
0,0,0.12528769937298886,1
0,0,0.11375504313163182,0
0,0,0.035512582341794934,1
1,0,0.4452994423638594,1
0,0,0.048093417916767287,0
0,0,0.35093558480860915,1
0,0,0.11689428739522496,1
0,0,0.04612893843008036,1
0,0,0.12349298705019367,0
0,0,0.2531878679482934,0
1,0,0.34531203573732655,1
0,0,0.14857328718604446,0
0,0,0.17404930735225196,1
0,0,0.2860208680208345,0
0,0,0.16003015154907496,0
0,0,0.052804441550979464,1
0,0,0.24469151142775478,0
1,0,0.10287236310700952,1
0,0,0.18782580801158957,1
0,0,0.021764734501412544,1
0,0,0.30386586895814494,1
0,0,0.14492207105789096,1
0,0,0.02459605950482162,0
0,0,0.21783251619374722,1
0,1,0.5740887265457175,1
0,0,0.13484012238339188,0
0,0,0.03454484722308156,1
0,0,0.06684777484264953,1
0,0,0.033025767677258226,1
0,0,0.24361634309418273,1
0,0,0.26086799447822695,1
0,0,0.0718075194981902,0
0,0,0.028502003624106705,1
0,0,0.12095157357911325,1
0,0,0.03865788442789064,0
1,0,0.3764691126198005,0
0,0,0.12404074481090983,1
0,0,0.11300000970203641,1
0,0,0.1921966081343992,1
0,0,0.06351139861620476,0
0,0,0.1714032931957868,1
0,0,0.11434291328997545,1
0,0,0.16672579614256747,1
0,0,0.2766079126481445,1
1,0,0.1480292628060142,0
0,1,0.5665688369989664,1
0,0,0.24527808679793597,1
0,0,0.02662954598441743,1
0,0,0.03217436447820592,0
0,0,0.1649833675558872,1
1,0,0.1908611197715515,1
1,0,0.3048059455904817,1
1,0,0.3977243076485327,1
1,1,0.6771229770240553,1
1,0,0.31797111438965175,1
0,0,0.04791072988276927,0
0,0,0.12460897141636418,1
0,0,0.2836251308419618,0
0,0,0.08526237007799296,1
0,0,0.06241032333405374,1
0,0,0.4539584643040907,1
1,0,0.13896333635951905,1
0,0,0.13595048774985238,1
1,0,0.30742535780277536,1
0,0,0.15826168168941143,1
0,0,0.36127545124077887,1
0,0,0.1578185091470237,1
0,0,0.1055643070737056,1
0,0,0.08201282878975909,1
0,0,0.3994593576140112,1
0,0,0.04733172327534384,0
0,0,0.38610802126933635,1
1,1,0.749137686523678,1
0,0,0.022239242845465485,0
1,0,0.39367820987446533,0
0,0,0.09017663614049243,1
0,0,0.021056753714599866,0
0,0,0.13858158318385613,0
0,0,0.26267997288741585,1
0,0,0.31272308584879527,1
0,0,0.025042379684764117,1
0,0,0.15905223475933436,0
0,0,0.2626547147036346,1
0,0,0.23902106132857381,1
1,0,0.43050000439333136,1
0,0,0.20347778742035788,1
0,0,0.05436448244871767,1
0,0,0.1280978395093308,1
0,0,0.0722789257063098,1
0,0,0.01978775899690679,1
1,1,0.6218554167026418,0
0,0,0.10608509628007937,1
0,0,0.21823432495749504,1
1,0,0.43964849767806485,1
0,0,0.016736580982677142,0
0,0,0.040224427795584175,0
0,0,0.22670272992407406,1
0,0,0.11558382895929795,0
0,0,0.016713445591114272,1
0,0,0.33151343935114574,1
0,0,0.05211629269929239,0
0,0,0.4789736847187164,1
0,0,0.2504336312642485,0
0,0,0.25264393758785564,1
0,0,0.04730050897519078,1
0,0,0.1761788679203122,1
0,0,0.24936611598164624,0
0,0,0.09761583236738594,1
0,0,0.1974597296032523,1
0,0,0.05359812015682352,1
0,0,0.10832515122272159,0
0,0,0.07402427197792628,0
0,0,0.1584650666253505,1
1,0,0.2917233437062719,1
0,0,0.021904251345910713,1
0,0,0.12577156214793225,0
0,0,0.35092233676006057,1
0,0,0.06745237862659287,1
1,0,0.09318305125689155,0
0,0,0.17726455312237896,1
0,0,0.15411556291059839,1
0,0,0.06369808884158108,0
0,0,0.03470727608085766,1
1,0,0.26342235859843466,1
0,0,0.027315388834795076,1
1,0,0.24297530461909037,1
0,0,0.13426884118218985,1
0,0,0.07733173135255823,0
0,0,0.043632064517462224,1
0,0,0.31082196672429796,1
0,0,0.15039436523591718,1
0,0,0.1630944115962123,1
0,0,0.05078975178543128,1
0,1,0.6850619840532332,1
0,0,0.0747879760749674,0
0,0,0.254568223034796,1
0,0,0.054857489911251785,0
0,0,0.12104848813458793,1
0,0,0.03080751211364105,1
1,0,0.18678816063069442,0
0,0,0.03877947758981134,1
1,1,0.7685361541138171,1
1,0,0.1865445261008332,0
0,0,0.03305231752752738,1
0,0,0.17677645289284602,1
0,0,0.04481261099503466,1
1,0,0.14515239816534756,0
0,0,0.06792517637119468,0
0,0,0.1716098225395541,0
0,0,0.12444611066503761,0
0,0,0.08809027509010138,1
0,0,0.04492556097578182,1
1,0,0.4305675190020874,1
1,0,0.1786439439920899,1
1,0,0.3168838849811705,1
0,0,0.12902286853172357,1
0,0,0.05989567488634041,0
0,0,0.05284301224267193,0
1,0,0.10755628339634159,0
0,0,0.05339780580939987,1
1,0,0.06749360433940477,0
0,0,0.033969008186726296,0
0,0,0.18062006651207146,1
0,0,0.08162759374592388,1
0,0,0.18906787480936396,1
0,0,0.056639923198834825,0
1,1,0.9848379468431656,1
0,0,0.15548836522548715,0
0,0,0.09916539313143181,0
1,0,0.18744418944742236,1
0,0,0.4164039892686039,1
0,0,0.11190642713352053,0
0,0,0.31149889153870114,1
0,0,0.13798875681555092,1
0,1,0.7696451046675709,1
0,0,0.029137157406648833,0
1,1,0.5162340216079929,1
0,0,0.11424788951154537,1
0,0,0.30358319642037424,1
1,0,0.2765811781453904,1
0,0,0.041185425855976156,1
0,0,0.29983365835292386,1
0,0,0.21979053114558406,0
0,0,0.09159093410679331,0
0,0,0.017770250454799043,0
0,0,0.24757900794156354,1
1,1,0.7025713616516334,1
0,0,0.2224633277637188,1
1,0,0.27521541404599326,1
0,0,0.04329951247660751,1
0,0,0.024102555302985884,0
0,0,0.09906605308750777,0
0,0,0.13658120389727582,1
0,0,0.15929588330853875,1
1,0,0.14701812517756685,1
0,0,0.2285979596709977,0
0,0,0.2459590992444362,1
0,0,0.2911335911709991,0
0,0,0.11006989342943886,0
0,0,0.15925526909361562,1
0,0,0.34071514141802456,1
0,0,0.016018822104052515,1
0,0,0.022223866960174483,0
0,0,0.10669304533833372,1
1,0,0.4354912325199543,1
0,0,0.15967174795138295,0
1,1,0.5406782910645738,1
0,0,0.16786763382258355,0
0,0,0.18517686002976114,1
1,0,0.28393555124855907,1
1,0,0.0700405676722718,1
0,0,0.18556197764604426,1
0,0,0.056037477415170484,1
0,0,0.1847313769458778,1
0,0,0.21330543501648314,1
0,0,0.11708657980494828,1
0,0,0.06018428253209498,1
0,0,0.3763737538033155,1
0,0,0.0958900024091968,0
0,0,0.1381802038833834,1
0,0,0.04762251583660141,0
0,0,0.12025786193552282,1
1,0,0.24004267269047794,1
0,0,0.06948786405476133,0
0,0,0.01817628986889641,0
1,0,0.38252730390499473,1
0,0,0.07315033095759113,1
0,0,0.012766901512562068,0
0,0,0.11307600351766128,0
0,0,0.04653622559412167,1
0,0,0.10970329072093567,0
1,0,0.39918893481866646,0
0,0,0.07086914412209773,0
0,0,0.21250307147849978,1
0,0,0.04304550343190408,0
0,0,0.09448922116856695,0
0,0,0.13162771708241747,1
0,0,0.03742463609215341,1
0,0,0.009753455122620247,0
0,0,0.1186892429371456,1
0,0,0.029036729532778964,0
0,0,0.016479977840657117,0
0,0,0.15950916572460738,1
1,0,0.20371652954709304,1
0,0,0.06963442346619542,0
0,0,0.08580970259808841,1
0,0,0.0415461227042233,0
0,0,0.26551220308982476,1
0,0,0.048530920588136996,0
1,0,0.26733734809011456,1
1,1,0.9239176113112264,1
1,0,0.1261495182143733,1
0,0,0.09384283442728383,0
0,0,0.19119444093015414,1
0,0,0.275658714669671,1
0,0,0.34230046413241044,1
1,1,0.5027930848135169,1
0,0,0.13012679024204749,1
1,1,0.5147102428334183,1
0,0,0.08633089408915975,0
0,0,0.017547765999378302,1
0,0,0.21458841170887,1
1,0,0.289909495687389,1
1,1,0.6503925622199893,1
1,0,0.11741554345882245,1
0,0,0.030825041102967448,0
0,0,0.11784451674175278,0
0,1,0.533925274931449,1
0,0,0.05243405732452038,1
1,1,0.9428178961318883,1
0,0,0.3167530979428161,0
1,0,0.45429667759399545,1
1,1,0.7501128917514388,1
0,0,0.36318422136199185,1
0,0,0.041686119768421494,0
0,0,0.029202533865256914,0
0,0,0.25985292337883453,1
1,0,0.46616582841276155,1
1,1,0.6737435184308747,1
0,0,0.06855275579401814,1
0,0,0.0990870314674938,0
0,0,0.2867920835282916,1
0,0,0.04734640629962753,1
0,0,0.1040755950972413,0
0,0,0.18234379765763029,0
1,0,0.08086335340591105,0
0,0,0.11520315575098576,0
0,0,0.029438933528181232,0
0,0,0.057472236080978706,0
0,0,0.4939285787668207,1
1,0,0.20805724137066975,1
1,0,0.16871877451460943,1
0,0,0.14468356405095925,0
0,0,0.021439372162973636,0
0,0,0.019717950076531696,0
0,0,0.0225703829100829,1
0,0,0.026216393125410298,0
0,0,0.05859965918195387,0
0,0,0.08322046786575275,0
0,0,0.037415572647087614,0
0,0,0.11535330144775219,1
0,0,0.1446827385035434,1
0,0,0.11100932759106182,1
0,0,0.29881114265410746,1
0,0,0.1452007022513094,1
0,0,0.24042821493343458,0
0,0,0.11878453256649381,0
1,0,0.4156331137496244,1
0,0,0.212475419026505,1
1,0,0.1689446969080027,1
0,0,0.06387328891146024,1
0,0,0.12752173363334052,1
0,0,0.03725911091673391,0
0,0,0.09540991621410592,0
1,0,0.286061117875932,1
0,0,0.07463963005073589,1
0,0,0.2570774283089226,1
1,0,0.24479851991475834,1
0,0,0.027315388834795076,1
1,0,0.12731629766549815,0
0,0,0.04433417560621611,1
0,0,0.029150343230625656,0
0,0,0.14800338157881024,1
0,0,0.03103714346765616,1
0,0,0.03401301433238825,1
0,0,0.17869237164287397,1
0,0,0.11755662364213018,0
0,0,0.04780211247521548,0
0,0,0.13995713403343255,0
0,0,0.0140517273086706,0
1,1,0.7010142801462975,0
0,0,0.039243989812025044,1
0,0,0.05972422147540387,0
0,0,0.11631616612875112,0
0,0,0.18571788502576572,0
0,0,0.21162864441289558,1
0,0,0.17999305078099026,1
1,1,0.6687150285264477,1
0,0,0.09266344165048132,0
0,0,0.04713906680078124,0
0,0,0.48824478367951907,1
0,0,0.20208591412298804,1
0,0,0.13755900652793654,1
0,0,0.1842010977358173,1
0,0,0.2660089676541812,1
1,0,0.4900638145469782,1
0,0,0.10631337645926803,1
0,0,0.41218745963456743,1
0,0,0.06128250105558495,0
0,0,0.03022041939246061,0
1,0,0.47278142977907994,1
0,0,0.11331648989801515,0
0,0,0.3460855222189046,1
0,0,0.052318734690801345,0
0,0,0.03207121908620721,1
1,0,0.18470603136448815,1
0,1,0.5962746934231924,1
1,0,0.2573148502923689,1
0,0,0.406283925929927,1
1,1,0.5347080263676935,1
0,0,0.18232978514333964,1
0,0,0.054199473553428884,1
1,0,0.4313073113923015,1
0,0,0.11136511410411333,0
1,0,0.2755610859461262,1
0,0,0.02654665752154099,1
0,0,0.03846839703983177,1
0,0,0.05467529177651468,0
0,0,0.2523041167883124,1
0,0,0.09303692596797221,0
0,0,0.29088494096310663,0
0,0,0.049183041614811074,1
0,0,0.20647310886352477,1
0,0,0.32413974511234916,1
0,0,0.04892040177393248,0
0,0,0.14139402102401558,0
0,0,0.17267296978592792,0
1,1,0.5211521593671617,0
0,0,0.020830351671387325,1
0,0,0.1453187311337016,1
0,0,0.10239788046970831,1
1,0,0.30477697003407894,1
0,0,0.18050370816646627,0
1,0,0.062380658568555146,0
0,0,0.03443235287253802,1
0,0,0.050617630367756225,1
1,0,0.3720821607224828,1
0,0,0.29606635787809543,1
0,0,0.27316948387831025,1
1,0,0.1434677436839889,1
0,0,0.06573758167267325,0
0,0,0.07413168421133605,0
0,0,0.12168365818636916,1
0,0,0.1131113802485294,1
0,0,0.18690101016744545,1
0,0,0.1403603889343181,1
0,0,0.01307826332816854,0
1,0,0.16095137122129438,0
0,0,0.0522274448618467,0
1,1,0.5852939161381232,1
1,0,0.2774988779821401,1
0,0,0.028915760480687554,0
0,0,0.03620164045661564,0
0,0,0.11675529285515546,1
0,0,0.040870346928748004,1
1,0,0.1831248056123887,1
1,1,0.7082206407338019,1
0,0,0.20423442603127376,1
1,1,0.5732876564654144,1
0,0,0.19335430454417243,1
1,0,0.043484551657666515,0
1,0,0.36866817657381534,0
0,0,0.08198260066563741,0
0,0,0.24381377103009533,0
0,0,0.06717803968450482,0
0,0,0.11094830838309824,1
1,0,0.4503986777390291,1
0,0,0.06454945783559897,0
0,0,0.23308925972630837,1
0,0,0.12595702188536376,1
0,0,0.1005693473637269,1
1,1,0.6159066565418799,1
0,0,0.11849585470502451,0
0,0,0.0914522897027099,1
0,0,0.3092626957834852,1
1,0,0.43692243139809456,1
0,0,0.04123344021200867,0
0,0,0.061370189009360476,1
0,0,0.15411556291059839,1
0,0,0.08835044483915772,1
1,0,0.1714032931957868,1
1,0,0.19285659614049108,1
1,0,0.27970865526979277,1
0,0,0.18934584750123715,0
0,0,0.01810503659445588,1
0,0,0.21861821938290366,1
0,0,0.09949354367379216,1
0,0,0.4351148313736722,1
0,0,0.2474404701392653,1
0,0,0.05431193827544382,1
1,1,0.7921354375339825,1
0,0,0.19553519042114306,1
0,0,0.18491540696165956,0
0,0,0.27137426841433065,1
0,0,0.21083307666887335,1
1,0,0.1547311418748267,1
0,0,0.025261806044211906,0
1,0,0.42009741850332893,1
0,0,0.040021476250663185,0
0,0,0.1946090647685773,1
0,0,0.2138046631457473,1
0,0,0.06918573407422617,0
0,0,0.10956559652941443,0
0,0,0.10063693195400678,1
0,0,0.30702402640718923,1
0,0,0.1882615430806682,1
0,0,0.05397851589977038,0
1,0,0.20486515117108758,1
1,0,0.3205626567993867,0
0,0,0.026768634062760015,1
1,1,0.5749377411596213,1
0,0,0.12336440933333635,0
0,0,0.2049540945109676,1
0,0,0.02583077919650944,0
0,0,0.08509003866190853,0
0,0,0.15122988380632557,0
0,0,0.03492903013120178,0
0,0,0.023627010501409036,0
0,0,0.2682770203061899,1
0,0,0.032325666555904284,0
0,0,0.01777983941215817,0
1,0,0.19216479638449266,1
0,0,0.0447681818548362,1
1,0,0.12150107099311455,1
0,0,0.29893423491344445,1
0,0,0.044241293406974774,1
0,0,0.05182184175776313,1
0,0,0.0227856801587037,0
1,1,0.549844335072316,1
0,0,0.07448960216476744,1
0,0,0.07995881414803019,1
1,0,0.34254231465180746,1
1,0,0.31349747929402544,1
0,0,0.02381244611728301,0
1,0,0.42681949730343954,1
1,1,0.8024930401381147,1
1,1,0.606718298688757,1
0,0,0.23137110897635743,1
0,0,0.03346918061455403,1
0,0,0.31313340283981045,1
0,0,0.050609923700257534,0
0,0,0.01448463166511825,1
0,0,0.05096376211834449,0
0,0,0.10067524461700347,0
0,0,0.2958995531268329,1
0,0,0.27597046271213044,1
0,0,0.06026926611783556,1
0,0,0.32172182678541444,1
0,0,0.10958197890858715,0
1,0,0.13457087303262258,1
0,0,0.22420723672404402,0
0,0,0.20482801378432744,0
0,0,0.010171602784991336,0
0,0,0.07160610781445723,1
0,0,0.018911609273433067,0
0,0,0.35485937885498253,1
0,1,0.5156050569682482,1
1,1,0.9039499531899995,1
0,0,0.011042786051611233,0
1,1,0.5914807083439961,1
0,0,0.11217639628583378,1
1,0,0.15022517293369753,0
1,0,0.46912995540155383,1
1,0,0.4592888202068841,1
0,0,0.09866667526131333,0
1,1,0.6137187156767241,1
0,0,0.058576630069336694,0
1,1,0.7490028930838271,1
0,0,0.022022589229017026,0
1,0,0.326061599862062,0
0,0,0.1967295115325896,1
0,0,0.16159090350300068,1
0,0,0.16553753479397923,1
1,1,0.5875308787060651,1
0,0,0.15655383844958431,1
0,0,0.12351032800303434,0
0,0,0.07032953759141712,1
0,0,0.29893423491344445,1
0,0,0.045649602100901916,0
0,0,0.06330644290795479,1
0,0,0.08916520901119204,1
0,0,0.05392889291264079,1
0,0,0.03375225483061831,1
0,0,0.09512416430398737,1
0,0,0.4211095083313995,1
0,0,0.10615266507023385,0
0,0,0.26336713730102546,1
1,0,0.31524544484365646,1
1,0,0.29321462929293785,1
0,0,0.07491357498603689,1
1,0,0.11464002991822665,1
0,0,0.016150477140555924,0
0,0,0.14398440633089293,1
1,0,0.2841836435638737,1
1,0,0.1714366814242414,1
1,0,0.28138762480200535,1
1,0,0.21434932681356136,1
0,0,0.11397493995364213,0
0,0,0.29044491218067836,1
0,0,0.17061457677709357,1
0,0,0.0437527299081087,0
1,0,0.48132655493547494,1
0,1,0.5910910486591657,1
0,0,0.04488951566065544,0
0,0,0.05726566823250111,0
0,0,0.1683798117410389,1
0,0,0.07520288926026697,0
1,0,0.2859608260664252,1
0,0,0.2720906031663945,1
1,0,0.11506837963217638,1
1,0,0.24234715599057174,1
0,0,0.15857423368469975,0
0,0,0.05186059442300007,1
0,0,0.48684523995887236,1
0,0,0.1234647505731648,1
0,0,0.2569494263838229,1
0,0,0.19288908229192295,1
0,0,0.03964053473743905,0
0,0,0.0211677808889388,0
0,0,0.45197812050876424,1
0,0,0.05362233344235498,1
1,0,0.2284304899873633,1
0,0,0.03689327666153726,0
1,1,0.5688706980100748,1
0,0,0.06987717113960061,0
0,0,0.13333526076948307,1
0,0,0.06168817356159409,1
0,0,0.03706974025460112,1
0,0,0.11304461932335703,1
0,0,0.15442893030839788,0
0,0,0.05670212428032722,1
0,0,0.14346484305593396,1
0,0,0.3633267749494235,1
0,0,0.050617630367756225,1
0,0,0.2627093414724303,1
0,0,0.07341290907466831,1
0,0,0.022223866960174483,0
0,0,0.01404041484225506,0
0,0,0.02914984709333707,0
0,0,0.29072758175766306,1
0,0,0.14690090655917,1
0,0,0.06662515263439088,1
0,0,0.02225427698698572,0
0,0,0.016511033505081037,1
0,0,0.029331285097794032,0
1,0,0.26481206652061584,1
0,0,0.12336122853479427,1
0,0,0.04372820160875516,0
0,0,0.09108263757530631,0
0,0,0.27151180393914304,0
0,0,0.022637466525854563,1
0,0,0.058198081627050806,1
1,0,0.17273241365959396,1
1,1,0.6584795000728428,1
0,0,0.1678176846887649,1
0,0,0.04879745399539058,1
0,0,0.12217035204581685,1
0,0,0.09239114056967573,1
1,1,0.5894025110528468,1
1,1,0.6965926779686339,1
0,0,0.28785480458094037,1
0,0,0.4218259243829476,0
1,0,0.15355788470488094,1
0,0,0.11861489942830401,1
1,1,0.7523341547094414,1
0,0,0.0763712550008952,0
0,0,0.17267331082313792,1
1,0,0.2767389820948534,1
0,0,0.02489184711849339,0
0,0,0.10583005183992175,0
0,0,0.31721540535096066,1
0,0,0.13123895001250654,0
1,1,0.5909867660892734,1
1,1,0.6202102302456575,1
0,0,0.02060097180790533,1
0,0,0.08166502408415346,0
0,0,0.16548706807217584,1
0,0,0.02251027092101678,0
1,1,0.8925302244596792,1
1,0,0.2520996665987281,1
0,0,0.10819757797839634,1
0,0,0.17778209088867744,1
0,0,0.04153420573597887,1
0,0,0.06151208119741942,1
0,0,0.193529164848175,1
1,0,0.37282009656524845,0
1,1,0.6180336492978289,1
1,0,0.14212773519938915,1
0,0,0.012170481509737993,0
1,1,0.8443791740534626,1
0,0,0.04315685527316116,1
0,0,0.02649892642624595,1
0,0,0.07120627976858537,0
0,0,0.041942251256937756,1
0,0,0.26940969267291026,1
0,0,0.11751006133564909,0
0,0,0.06886439892062769,1
0,0,0.17799038450829685,1
0,0,0.17138078505530357,1
0,0,0.05982855704852804,0
0,0,0.15582373211056796,1
0,0,0.04140256765789881,0
0,0,0.24709554466476585,1
0,0,0.023991229335833798,0
1,0,0.4184087610223528,1
0,0,0.0472626507212811,0
0,0,0.053032628069856744,1
0,0,0.020622982646288424,1
1,0,0.2706481441430038,1
0,0,0.20574553707960463,1
0,0,0.022717629952350115,0
1,0,0.31370852572563085,1
0,0,0.20381744832623483,1
0,0,0.05809772682174561,0
0,0,0.024463257927925138,0
1,1,0.779381012989382,1
0,0,0.3936120615501269,1
0,0,0.014792399044614947,0
0,0,0.32278991527733353,1
1,0,0.23444567753905463,0
0,0,0.04710724259607075,0
0,0,0.031022503467663342,1
1,0,0.20280840132442224,0
0,0,0.03905738494527732,0
0,0,0.11146534389986114,1
0,0,0.11181087545620665,1
1,0,0.46609273094592,1
0,0,0.014553327894838732,1
0,0,0.029724670729323936,0
0,0,0.09799226070380875,0
1,0,0.18167402675080344,1
0,0,0.042271165151246404,0
0,0,0.05415123318210383,0
1,0,0.4197164898365729,1
1,0,0.2816771611185504,1
0,0,0.10075590833240876,1
1,1,0.6421356482803474,1
0,0,0.11304472400873208,1
0,0,0.05766984237037394,1
0,0,0.030158039490573073,1
0,0,0.08554181395889894,1
0,0,0.07314076096286377,1
0,0,0.14150333558568307,0
0,0,0.021984592647872385,1
1,1,0.6931637261356046,1
0,0,0.13106350018166374,0
0,0,0.08119676963696053,0
0,0,0.14914967072416926,0
1,1,0.5880928898870547,1
0,0,0.016548996165481313,0
1,0,0.18167402675080344,1
0,0,0.0557448596024667,0
1,0,0.22445536763525373,0
0,0,0.41493855028201876,1
0,0,0.1542143233705839,1
0,0,0.10673198122915482,1
0,0,0.10186083317907219,1
1,0,0.45430508861631913,1
0,0,0.038188315946394887,1
0,0,0.07492347554397281,0
0,0,0.020185929073395982,1
0,0,0.03838311721529083,0
0,0,0.2329713058741993,1
1,0,0.37545510329381804,1
0,0,0.20079214120589792,1
0,0,0.4130861195816318,1
0,0,0.11812777908733459,0
0,0,0.37219581766508675,1
1,0,0.31545895912789756,1
0,0,0.03633335441532344,1
0,0,0.1550715554317484,1
0,0,0.3054658843979011,1
0,0,0.17500769263047708,0
0,0,0.037214754640925614,1
0,0,0.03349172866996733,0
0,0,0.02815162173502738,1
1,0,0.10410448548386633,0
0,0,0.13317393472606415,1
0,0,0.026253596973930215,0
1,0,0.4725472366834647,1
0,0,0.19392819495927635,1
0,0,0.33859142341747517,1
0,0,0.14954615769135532,0
1,0,0.35760562565080406,1
0,0,0.18961419811262964,0
1,0,0.2903909524948502,1
0,0,0.13313853847672333,1
1,0,0.42230896737317863,1
0,0,0.2378013329057348,1
0,0,0.10253390008055518,0
1,0,0.3195534996086712,1
0,0,0.048647954378360024,1
0,0,0.22864739043332435,1
0,0,0.2383587575590812,1
0,0,0.025511615377215014,0
0,0,0.11843655733733262,1
0,0,0.1645811592522102,1
0,0,0.07033691139976271,0
0,0,0.2045751156047585,1
0,0,0.07124679148999703,1
0,0,0.153464931585895,0
0,0,0.04782372132410737,0
0,0,0.0394448843380739,0
0,0,0.12458754450437352,0
0,0,0.4578323052511444,1
0,0,0.2267792430053057,1
1,0,0.49680603101334986,1
1,1,0.5325764198353266,1
1,0,0.4191582838817409,1
1,0,0.37828232415537183,1
0,0,0.05872148543572947,1
0,0,0.05748447658796518,1
0,0,0.29204043860675766,0
0,0,0.20231771868527693,0
0,0,0.03841512303312511,1
0,0,0.16629186862841053,1
0,0,0.09752025378278022,0
0,0,0.23568393633755416,1
0,1,0.563211749496803,1
0,0,0.04072818339006386,0
1,1,0.7335217432988945,1
0,0,0.08423726308820886,1
0,0,0.03380121151353229,0
0,0,0.40331958023465014,1
0,0,0.03602116351390117,1
0,0,0.06989919038199865,0
0,0,0.04689624746250511,0
1,0,0.07471189323404086,1
1,0,0.1884384629159017,1
0,0,0.04585405673470218,0
0,0,0.005428226732005546,0
1,0,0.38230119754613767,1
0,0,0.07838445724214664,0
0,0,0.11436033137506964,1
1,1,0.5788591860495519,1
0,0,0.17621997529853753,0
0,0,0.030482477991855574,0
0,0,0.02164971801456732,0
0,0,0.2880814332126546,1
1,0,0.09132330368738556,0
0,0,0.05834301919962288,1
0,0,0.031631554123711304,1
1,0,0.3151955595377906,1
0,0,0.03852749874380425,0
0,0,0.2586104389335655,1
0,0,0.3177193500695691,1
0,0,0.02444769395092009,0
0,0,0.04313565313952666,0
0,0,0.28057197516908444,0
1,1,0.7293286681314549,1
0,0,0.05243405732452038,1
0,0,0.1875993036274637,1
0,0,0.02401955857184555,0
0,0,0.22240524136305684,0
0,0,0.099536816880177,1
1,0,0.26824233511764756,1
1,0,0.2307645072462001,1
1,1,0.7028215533039023,1
0,0,0.03498576631096112,1
0,0,0.11909069751886685,1
0,0,0.23398853652686072,0
1,0,0.21662532271420948,1
1,1,0.5731403452389905,1
0,0,0.029547966189352303,1
0,0,0.4460060847748525,1
0,0,0.18936208856919245,0
0,0,0.054440597705405595,1
0,0,0.16765846200539147,0
0,0,0.4017917821597927,1
0,0,0.3795088602894455,1
0,0,0.031086083976726252,1
0,0,0.053210697665582535,1
0,0,0.016886487867524374,0
0,0,0.03670047665262707,1
0,0,0.08930834275253706,0
1,0,0.21126563961540792,1
0,0,0.06665203039505681,1
1,0,0.19165755511600954,1
1,0,0.3788454053906264,1
0,0,0.2329713058741993,1
0,0,0.31039124429890064,1
0,0,0.03215170911789946,0
0,0,0.2307645072462001,1
0,0,0.014976475138278456,0
0,0,0.10469811141393137,1
0,0,0.0769577421731282,1
0,0,0.050617630367756225,1
0,0,0.09008350158053277,0
0,0,0.24280789726992813,1
0,0,0.2889703437562314,1
0,0,0.06033596145883077,0
0,0,0.033119261492746264,0
0,0,0.12243260559779066,1
0,0,0.4706345408083695,1
0,0,0.0484497675595985,1
0,0,0.14076451880299204,0
0,0,0.055937875793313024,0
1,0,0.4668118717957197,1
0,0,0.14429866707355482,1
0,0,0.036053840676264,1
0,0,0.052378594319417895,1
0,0,0.4496646624870133,1
0,0,0.030715045930888845,1
0,0,0.08122722636129986,1
0,0,0.1611457792817243,1
0,0,0.12002801981696173,1
0,0,0.1507818513612109,0
0,0,0.1046370678115184,1
0,0,0.44042861147196183,1
0,0,0.05540231259663647,1
1,0,0.37219581766508675,1
0,0,0.060895375845869036,1
0,0,0.04552706553413652,0
0,0,0.13820365534980017,1
1,0,0.2632144893540703,1
1,0,0.10267730303112206,1
1,0,0.11720810223407764,1
0,0,0.04152627128574047,0
0,1,0.5020823775288886,1
0,0,0.12479774131456846,1
0,0,0.36913306481618985,1
0,0,0.0469849305062942,0
0,0,0.25205152867567776,1
0,0,0.019730346633138465,1
0,0,0.2398115351482396,1
0,0,0.0546937582381154,0
0,0,0.08006252692199535,1
0,0,0.10753280929912776,1
1,0,0.45294404042627917,0
0,0,0.0882477140809638,0
0,0,0.1349520881156438,1
0,0,0.1933513399971983,1
0,0,0.09020685570409052,1
0,0,0.3634583168747965,1
0,0,0.1988354693111418,1
0,0,0.26815750273335925,1
0,0,0.10239788046970831,1
1,0,0.1582384306645203,1
1,1,0.6025490769353632,1
1,0,0.4774799146937007,1
0,0,0.01685553502241535,0
0,0,0.06485621436909009,0
0,0,0.053240259304747406,0
1,0,0.15619119600369205,1
1,0,0.30515600657283626,1
0,0,0.30459988939366933,1
0,0,0.03674947963617988,0
0,0,0.23333895438945407,1
0,0,0.04153420573597887,1
0,0,0.16222166502444782,1
0,0,0.03388632049945471,0
0,0,0.331217129968392,1
0,0,0.06263329665762539,0
0,0,0.2077415483908679,0
0,0,0.034556248234851664,1
0,0,0.1365742864689768,1
0,0,0.13565576971185678,1
0,0,0.10217321969255168,0
0,0,0.0889706751398804,1
0,0,0.31935929759121745,0
0,0,0.021408631286446142,0
0,0,0.09793144107685317,1
1,0,0.46117457929644906,1
0,0,0.026356966602609545,0
0,0,0.031948549248806475,1
1,0,0.1119782216041039,1
1,0,0.07105381120699737,0
0,0,0.08491439377344825,1
0,1,0.5614270292341703,1
0,0,0.06007629564218656,1
0,0,0.06610979001728053,0
0,0,0.4092372761512791,1
1,0,0.15437371440737901,0
0,0,0.2195547513218208,1
0,0,0.038682392226605716,0
1,0,0.36805120615874454,1
1,0,0.3169958527183907,0
0,0,0.13728039598800906,1
0,0,0.30767990947880974,1
0,0,0.25740543824887,1
1,0,0.2294070355271253,1
0,0,0.01962047474109867,1
0,0,0.01832214573876617,0
0,0,0.4000310783372662,1
0,0,0.1742615128646829,1
0,0,0.10444249847138692,0
0,0,0.028774175461165445,0
0,0,0.08920000859775376,0
0,0,0.2099020989089244,1
0,0,0.2254928711031419,1
0,0,0.16494820677806715,1
0,0,0.10239788046970831,1
1,0,0.4075920187936523,1
0,0,0.08399548876317278,0
0,0,0.09670932282216739,1
0,0,0.03749891320033304,0
0,0,0.1251173125959481,1
1,0,0.39429998698661073,1
1,1,0.8883919354028703,1
1,0,0.41780183491844347,1
1,0,0.46932161840183806,1
0,0,0.057863835222316085,1
0,0,0.41005665319722534,1
0,0,0.06810943666605299,0
0,0,0.01966025155510905,1
0,0,0.17049551107539457,1
0,0,0.024636617243241236,0
0,1,0.5677311990633592,0
0,0,0.09052652748414239,1
0,0,0.18041167667871114,1
0,0,0.059026977551178174,0
0,0,0.06734112157923532,0
0,0,0.3890218855707138,1
0,0,0.029780446941133864,1
0,0,0.026953740437877117,0
1,1,0.600987966987877,1
0,0,0.25313168372905004,0
0,0,0.08192686915469079,1
0,0,0.15222715614400426,1
0,0,0.06751866498431584,1
1,0,0.29437361919252647,1
0,0,0.11072711463514737,0
0,0,0.034997231017036966,1
0,0,0.10445973373689242,0
0,0,0.013618965268637297,0
1,0,0.23826706573952858,1
1,1,0.6309927193025296,1
0,0,0.17126526031640704,1
0,0,0.03226941966805926,1
0,0,0.04324737559679593,1
1,0,0.18407474494420456,1
0,0,0.13433508012130252,0
1,0,0.48753011248703126,1
0,0,0.1672442049945412,1
0,0,0.02369852759997977,1
0,0,0.07210223533564891,1
0,0,0.21363982435164755,1
1,0,0.18410493701177458,1
0,0,0.08279236312962902,1
0,0,0.11006106620883807,0
0,0,0.2676129898575436,1
1,1,0.5451776012869979,1
0,0,0.10823398273619367,1
0,0,0.049221572749087596,1
1,1,0.8280355377243661,1
0,0,0.04315685527316116,1
1,0,0.28155377628913875,1
0,0,0.040673821821981405,1
1,0,0.17084435816076396,0
0,0,0.22639495404814125,1
0,0,0.040072258420147916,1
0,0,0.0235146305931663,1
0,0,0.02907744342027267,0
0,0,0.22772955045306867,0
0,0,0.036769687071669235,1
0,0,0.09229355485382695,0
0,0,0.3245734075051333,1
1,0,0.2947278211421177,1
0,0,0.2573446214815353,0
0,0,0.17921041678068234,1
0,0,0.08974191551511985,0
0,0,0.03473014362202956,1
0,0,0.16843108621529,1
0,0,0.05732441512716913,0
0,0,0.11357761529546243,1
0,0,0.4575730072823415,1
1,1,0.6382827332282726,1
0,0,0.4206028008583628,1
0,0,0.017103070250636367,0
1,1,0.5431626539861447,1
0,0,0.17525967715984084,1
0,0,0.04646046636025824,0
0,0,0.18119432145040512,1
0,0,0.16965070072316726,1
0,0,0.13064897381799084,0
0,0,0.20829142847928764,1
0,0,0.4446583422948349,1
0,0,0.033234959774072585,0
0,0,0.08861775862954022,0
1,0,0.2955048873811039,1
0,0,0.21572878648814772,1
1,1,0.5122916323259382,1
0,0,0.17423656933838788,1
0,0,0.15086713668445856,0
1,0,0.2728953845234613,1
0,0,0.14106067317645457,1
0,0,0.14318720989722475,1
0,0,0.11413499535818604,1
0,0,0.3014899537526594,1
1,0,0.2818890360415776,1
0,0,0.022962842691832377,0
0,0,0.04228308585291938,1
1,0,0.3173376607403708,1
0,0,0.21783400071264294,1
0,0,0.33480907955854716,1
0,0,0.034556248234851664,1
1,0,0.20245181226176182,1
1,0,0.29954717043535617,1
0,0,0.15245187045324185,1
0,0,0.11689428739522496,1
0,0,0.13180045510714777,1
0,0,0.09064887202188585,0
0,0,0.05457752527086224,1
1,0,0.2684706091779742,1
0,0,0.03713070000759176,0
0,0,0.016319313626346057,1
0,1,0.5371047977318998,1
0,0,0.09376302031509884,0
1,0,0.20939512759922768,0
0,0,0.10267730303112206,1
0,0,0.31225359274899334,0
0,0,0.23562332161660537,0
1,1,0.7057499573030499,0
0,0,0.020619158713850883,1
0,0,0.12705310959003976,1
1,1,0.5184809350214061,1
1,0,0.4358250672827085,1
0,0,0.05728305585452474,0
0,0,0.09829869045248982,0
0,0,0.01594576208823767,0
0,0,0.1865048807735319,1
0,0,0.02342221897003119,1
0,0,0.16630381965791471,0
0,0,0.12365228090948209,0
0,0,0.016312385036217198,0
1,0,0.49728885982592697,1
0,0,0.16205810100327842,1
0,0,0.16505899179319386,1
0,0,0.23205087921073897,1
0,0,0.07035127031158961,0
1,0,0.498479616465615,1
0,0,0.41106971658136177,1
0,0,0.020486374604042564,1
1,0,0.20662929469067637,1
0,0,0.0278577894915322,1
0,0,0.11003880508338487,1
1,0,0.25365506050322667,0
0,0,0.02491321343174692,0
0,0,0.05881559563872756,0
0,0,0.1541305077787961,1
0,0,0.10704385184424484,1
0,0,0.14533850468195395,0
0,0,0.1057189474630063,0
0,0,0.15938332080438936,0
0,0,0.11483104793502666,1
0,0,0.23336339034929854,1
1,1,0.5093509659075324,0
0,0,0.04705215890449889,1
0,0,0.26973216116138216,0
0,0,0.036910402256078396,0
0,0,0.021367217128562176,0
1,0,0.14522362419494889,1
0,0,0.017187589502259588,1
0,0,0.45670041290955954,0
0,0,0.1935263500922101,0
0,0,0.3146658180283827,1
0,1,0.5630677313738611,0
0,0,0.14275410904153468,1
0,0,0.09650724790436287,1
1,1,0.5566467039521334,1
0,0,0.25025268840655174,1
0,0,0.050335603414566374,0
1,0,0.28593444867901496,1
0,0,0.10609456807478095,0
0,0,0.1645012646015444,1
0,0,0.22266582131352933,1
0,0,0.024602915277192845,0
0,0,0.3215975019719551,0
1,1,0.5505522181812281,1
0,0,0.12333726776700654,1
0,0,0.03142693434638911,0
1,0,0.44887819701486453,1
0,0,0.09449199491688566,0
0,0,0.3709417530990852,1
1,0,0.351498644462881,0
0,0,0.15826168168941143,1
0,0,0.03409654432510849,0
0,0,0.046020663074964864,1
0,0,0.38808103149125167,1
0,0,0.04804802460718493,1
0,0,0.08889024256893092,0
1,1,0.5424187558017671,1
0,1,0.585750659550331,0
1,1,0.5371874921625303,1
0,0,0.2607389540975206,1
0,0,0.19516868182867328,0
0,0,0.15051761316221957,1
0,0,0.05029993922076169,0
0,0,0.014467871019143696,1
0,0,0.10301642844557288,1
0,0,0.25437617286781383,1
0,0,0.17673912574343936,1
0,0,0.20085562539968393,1
0,0,0.13457507035528965,1
0,0,0.07091988189466848,1
1,1,0.6118866617771475,0
1,0,0.14611780548964778,1
1,0,0.4776550365656766,1
0,0,0.026188822252134807,0
0,0,0.11436033137506964,1
0,0,0.16677623548283738,1
0,0,0.08122241885745214,1
0,0,0.11718968990478186,1
0,0,0.05727878272403347,0
0,0,0.11349592323576724,0
1,1,0.5308406539454208,1
0,0,0.21118039437721214,1
0,0,0.07670338520931275,0
0,0,0.28735877279126015,1
0,0,0.15991927839961248,1
1,1,0.6062548303459411,1
0,0,0.04284174036558696,1
0,0,0.012231220086868713,0
1,0,0.36942686131743263,0
0,0,0.18846097993143182,1
0,0,0.17826904638653987,1
0,0,0.24124618083421415,1
0,0,0.12881685621939665,1
0,0,0.025495125785257373,1
0,0,0.1446878500135926,0
0,0,0.09543583564858417,1
1,0,0.48925754452320647,1
1,0,0.4009902060763271,1
0,0,0.13903236282265677,1
0,0,0.12764462166654403,1
0,0,0.01830227219209024,0
0,0,0.10883838349468741,1
0,0,0.06442944506631858,1
0,0,0.04788931905147887,1
0,0,0.07751667058738029,0
1,0,0.2777722294935357,1
1,0,0.40685664708291736,1
0,0,0.09770461627710249,1
0,0,0.11014480609177374,0
0,0,0.14966976655038608,1
0,0,0.08537069943031496,1
1,0,0.4069024890419418,0
0,0,0.15117643326087296,0
0,0,0.035598373334709214,0
0,0,0.15441263051569135,1
0,0,0.036816016697086215,0
1,0,0.1404525334481267,1
0,0,0.40939202366019545,1
0,0,0.1517705554977764,1
0,0,0.2691259890409733,1
1,1,0.7753790506930814,1
0,0,0.09734734929245467,1
1,1,0.5302600127848919,1
0,0,0.08266643072630314,1
0,0,0.023491773559599714,1
0,0,0.03663645147589887,0
1,0,0.38127864048727755,0
1,0,0.30807067868775884,1
0,0,0.04526900840986693,0
0,0,0.19943060696795156,1
1,1,0.5414335308445998,1
0,0,0.04488737420745709,0
0,0,0.025223800401228957,1
1,0,0.2399627495885036,1
0,0,0.0737963440771308,1
0,0,0.07363157231572172,1
1,1,0.6501647638369387,1
0,0,0.03832024427641653,1
1,0,0.2921485931285995,1
0,0,0.46270659152546817,1
0,0,0.15100252747970075,0
0,0,0.012093371054306716,0
1,0,0.49652561384940225,0
0,0,0.05276819587557645,0
1,0,0.19949091815963982,1
0,0,0.39178750373467003,1
1,0,0.16439745263507424,1
0,0,0.04902478020855296,0
0,0,0.06804816767432625,1
0,0,0.0816331279814165,0
1,0,0.10744291363273417,0
0,0,0.16475063223565775,1
1,1,0.5760954599018978,1
0,0,0.027006469491221156,0
1,0,0.39435205319221456,1
0,0,0.2537096700929071,1
0,0,0.08598606431360539,0
0,0,0.20186332954209021,0
0,0,0.02944914422783769,1
0,0,0.06990054157006097,0
0,0,0.12529213997713132,1
0,0,0.03881147268394446,1
1,0,0.3747318432524364,0
0,0,0.050974953271704766,0
1,1,0.5882115427857101,1
0,0,0.10048398326334589,1
0,0,0.11400744583403544,1
0,0,0.01763304226824034,0
0,0,0.16135425871373751,0
0,0,0.0650437303693048,0
1,0,0.20543169138002795,1
0,0,0.02988952111555966,1
1,1,0.6352538632882653,1
0,0,0.10321035556890171,0
0,0,0.05321247471426143,1
0,0,0.07426886496816311,0
0,0,0.06554316030399279,0
0,0,0.010314890652925571,0
0,0,0.1211950251067523,0
0,0,0.030770368385463605,0
1,0,0.147679247969826,1
0,0,0.03663645147589887,0
1,0,0.22727882957957016,1
0,0,0.031189591396189657,0
0,0,0.027521668207582055,1
0,0,0.17570757059183234,1
0,0,0.037249543168360606,0
1,0,0.35604827999606337,1
0,0,0.14348937956685806,1
0,0,0.0266965655515147,0
1,0,0.3072808671296833,1
0,0,0.1703124052195337,1
1,1,0.8647722923891645,0
0,0,0.13126865445548994,1
0,0,0.11187434614243573,1
0,0,0.0263754468731011,0
0,0,0.11131470174473927,0
0,0,0.07686259501599006,0
1,1,0.6516360573938287,1
0,0,0.04590186844764728,1
0,0,0.4343422844560332,1
0,0,0.05339135684026702,0
0,0,0.12618226388980527,1
1,1,0.9241572771983778,1
1,0,0.356249206842061,1
0,0,0.07971179411348434,0
1,0,0.27204360883461,1
0,0,0.1466187417294619,1
0,0,0.10216258382760177,0
1,0,0.12880392378953384,1
1,0,0.16567000105659646,1
0,0,0.014224426318371316,0
0,0,0.06197448152079663,0
0,0,0.04745000326310986,0
1,0,0.30153739511172467,1
0,0,0.0847907444238898,1
0,0,0.06390469284844151,0
0,0,0.1818153368080857,1
0,0,0.13304201906925428,1
1,0,0.4355840903431284,1
0,0,0.3980937208100104,1
0,0,0.047085276405942095,1
0,0,0.30672717150937984,0
0,0,0.2565776962511511,0
0,0,0.0915196786801971,0
0,0,0.06760257979280264,0
1,1,0.5574652259821059,1
0,0,0.01717164931630017,1
1,1,0.7162681135234741,1
0,0,0.1801851285692745,1
0,0,0.2837987518255335,1
1,1,0.9688066221664356,1
0,0,0.23470708227006892,0
0,0,0.20400362495307325,1
0,0,0.08655876455420983,0
1,0,0.1374874033847367,1
0,0,0.03802021361645419,1
0,0,0.251525438455113,1
1,0,0.2881792389883335,1
1,0,0.29234698534906867,0
0,0,0.07582699504725054,1
0,0,0.047396294824470504,1
0,0,0.06793182597389097,1
1,0,0.40018637099741616,1
0,0,0.30259990313160695,1
0,0,0.15826168168941143,1
1,0,0.2720201908907009,1
1,0,0.15191008899616898,1
0,0,0.2001049285185753,1
1,1,0.6101893714258231,1
0,0,0.03459097907984041,0
0,0,0.06120757665042726,1
0,0,0.04395875960456527,1
0,0,0.19317900704976076,1
1,0,0.19345137994775813,0
0,0,0.050555906255437454,1
0,0,0.056786065358901704,0
0,0,0.051340858185749176,1
1,0,0.182760993604434,1
0,0,0.02340513986600328,1
1,0,0.45476640459032025,1
1,0,0.30044352326715595,1
0,0,0.19695241829832497,0
0,0,0.22880309389842007,1
1,1,0.5866399059188949,1
0,0,0.09199690304120531,1
0,0,0.047207911340128875,1
0,0,0.46871591316595135,1
0,0,0.08386183993162698,0
1,0,0.2889337648721283,1
1,0,0.4234578878981651,1
0,0,0.18972325966721348,1
0,0,0.08535855426751308,0
0,0,0.065300978256317,0
0,0,0.10007849838888151,1
1,0,0.4407973419583475,1
1,1,0.5162099808351991,1
0,0,0.18211028001229623,0
0,0,0.04209546019605118,1
1,0,0.23610049622732107,1
0,0,0.20305671591808386,1
0,0,0.03416083089235822,1
0,0,0.3067238265868356,1
0,0,0.10529958266667176,0
0,0,0.03503849174655739,1
0,0,0.2675011081818122,1
0,0,0.3510996770385606,1
0,0,0.08732303308542341,0
0,0,0.3334351128113685,1
0,0,0.028982378434056575,0
0,0,0.02192482526038129,0
0,0,0.024102174099730186,0
1,0,0.24437536396705792,0
0,0,0.032312041008741944,0
0,0,0.2859608260664252,1
0,0,0.2016773165905226,0
0,0,0.16618833973060634,1
0,0,0.03803901612397129,0
0,0,0.03473014362202956,1
0,1,0.5157420250340478,1
0,0,0.060545759011776626,1
0,1,0.5231857687724556,1
0,0,0.06378012223172995,0
1,0,0.43911679892398325,1
0,0,0.024351615963627213,0
0,0,0.08589360360671167,1
0,0,0.32818227621162804,0
1,0,0.2120105310635645,1
0,0,0.08544637369108109,1
0,0,0.03707075443746506,0
0,0,0.2551853534059264,1
0,0,0.10586525396070745,1
0,0,0.05735474694060103,1
0,0,0.04366466294276383,1
0,0,0.14132760311176024,1
0,0,0.03172220103170813,0
1,0,0.20047227809182136,1
0,0,0.23688858123397244,1
1,0,0.22566757585819192,0
0,0,0.232428470809568,0
0,0,0.05332093665805962,1
0,0,0.03970094174604192,0
0,0,0.26316036503650286,1
1,0,0.12431951681299451,1
0,0,0.15992842006154984,1
1,1,0.5467756384339455,1
0,0,0.03418437467788892,0
0,0,0.059353462094854176,1
1,1,0.5040836020245982,1
1,1,0.6465473706734791,1
0,0,0.08678791237164303,1
0,0,0.08729807529740924,0
1,1,0.7357325516068249,1
0,0,0.06308854832266174,0
0,0,0.07042372939564219,0
1,0,0.3043008086192266,1
0,0,0.3884984459890964,0
0,0,0.1767472022998711,1
0,0,0.0705740424085267,0
1,0,0.2850128505475536,1
0,0,0.3422155026208011,0
1,0,0.2422670361600881,1
0,0,0.1604327019454841,0
0,0,0.23869876038888377,0
1,1,0.5992520353662738,1
0,0,0.011833985179691047,0
1,0,0.4205188286993154,1
1,1,0.5368063264934525,1
1,0,0.3995376827041513,1
1,0,0.1974597296032523,1
0,0,0.160597501591647,1
0,0,0.0650437303693048,0
0,0,0.15229592502893144,0
0,0,0.06623765615869971,0
0,0,0.051521749090530734,1
1,1,0.6081228113121598,1
0,0,0.03371495764290694,1
1,0,0.4373071711348017,1
0,0,0.05196635536202444,1
0,0,0.07076833823404287,0
1,1,0.7217960659741641,1
0,0,0.02000673749545607,0
0,0,0.2556061842509403,1
0,0,0.020833492909626345,0
1,0,0.21386911958229513,1
1,0,0.31811500575907514,1
0,0,0.06698977511461307,1
0,0,0.04755668724336182,1
0,0,0.16208881878851583,0
0,0,0.05277496431716668,1
0,0,0.2068486576949445,1
0,0,0.12218628980659506,1
0,0,0.028142071627904584,0
0,0,0.4325785621443975,1
0,0,0.12643569686468498,0
0,0,0.2663848035188626,1
0,0,0.04153353860354876,0
0,0,0.18714918214194562,0
1,0,0.44935366883518224,1
0,0,0.20253854803408244,1
0,1,0.6397555717649519,1
0,0,0.09680877777553623,0
0,0,0.102022064021589,0
0,0,0.27730425747285975,1
0,0,0.06390366435545845,1
1,1,0.6025493750180018,1
0,0,0.2080718778244967,1
0,0,0.20635339738813535,1
0,0,0.028052688124118277,0
0,0,0.09819967845102662,0
0,0,0.41313825121496156,1
0,0,0.19419783523154444,1
1,0,0.2763018869433459,1
0,0,0.14997540236596524,0
0,0,0.14515239816534756,0
0,0,0.23622506678100325,1
1,1,0.6512174367289099,1
0,1,0.5296268375419685,1
1,0,0.21447408758774128,1
0,0,0.04993378220418442,0
1,0,0.19312211509477037,0
0,0,0.04293638896317724,1
0,0,0.3081794769669644,1
0,0,0.0321747324714488,1
0,0,0.024947369759224746,0
0,0,0.025669375474305478,0
0,0,0.24436240664569164,1
0,0,0.2623158323533576,1
0,0,0.04743381172750066,1
0,0,0.12027828973855585,0
0,0,0.2280772081895014,1
0,0,0.19550357302561022,1
1,0,0.48394022561178324,1
1,1,0.7280109274257608,1
0,0,0.17170904322022632,1
1,0,0.38814866261565006,1
1,0,0.2964614579437033,1
1,0,0.33631275974639374,0
0,0,0.023174838350299612,0
0,0,0.1016113757883486,1
0,0,0.05648112844564515,0
1,0,0.298670443163361,0
0,0,0.024463257927925138,0
0,0,0.1911251781952794,1
0,0,0.08284426335854997,0
0,0,0.018398734757540947,0
0,0,0.18594297827281456,1
1,1,0.6737201761697346,1
1,1,0.5083274160867198,1
1,0,0.4869792586244301,1
0,0,0.07104484819065024,1
0,0,0.054254387505144615,1
0,0,0.06537303554604357,1
0,0,0.14293333245358686,1
1,1,0.5288976096464729,1
1,0,0.38142034097377675,1
1,1,0.5979507808294307,1
0,0,0.40315622268881457,1
0,0,0.04494486679220842,1
0,0,0.031855713613677096,1
1,0,0.19766708344914843,1
0,0,0.07989171415464073,0
0,0,0.1200080226494708,1
1,0,0.3914754523531522,1
0,0,0.04606377967263525,1
0,0,0.04079507375261726,1
0,0,0.3093713657055682,1
1,0,0.20950295205409245,1
0,0,0.09867550378696434,1
0,0,0.032292753289754304,1
0,0,0.055301216229168025,0
1,1,0.6768274852486285,1
1,1,0.9190181229942413,0
0,0,0.017747119611451163,0
0,0,0.25553184116148514,1
0,0,0.05870053423957475,1
1,0,0.2932538701454664,1
0,0,0.009142823734454426,0
0,0,0.05965746101666104,0
1,0,0.1724977250359539,1
0,0,0.04968087031692753,0
0,0,0.02713481985811,0
1,0,0.1969558542153254,0
0,0,0.3414823758899497,1
0,0,0.0585958754274325,1
0,0,0.01685180414911921,1
0,0,0.236077388316012,0
1,0,0.3758993505586274,1
1,0,0.3479031082118013,1
0,0,0.22431490807321577,0
1,0,0.41602198118058653,1
1,0,0.14299670294104416,1
1,1,0.5465047418087323,1
0,0,0.20363774145150138,1
1,0,0.3083426368094733,1
