f1,auc_roc,auc_pr,recall,precision,accuracy,statistical_parity_difference,disparate_impact,equal_opportunity_difference,average_absolute_odds_difference,dataset,scenario,generator,model,seed
0.6167209554831705,0.7133228710365953,0.6872234384095861,0.5714285714285714,0.6698113207547169,0.665719696969697,0.28060672938448017,2.2054636027639405,0.30198977729098214,0.30198977729098214,compas,S1,Baseline,LogisticRegression,42
0.6148867313915858,0.7180291048617284,0.6816598804731774,0.5734406438631791,0.6627906976744186,0.6619318181818182,0.2584547477883555,2.026504234140544,0.25056589996349027,0.25056589996349027,compas,S1,Baseline,RandomForest,42
0.6167209554831705,0.7167135190391003,0.6951744945257556,0.5714285714285714,0.6698113207547169,0.665719696969697,0.23320552864383642,1.892541159627774,0.24755385177071926,0.24755385177071926,compas,S1,Baseline,CatBoost,42
0.6353187042842215,0.73134873642571,0.707622403481317,0.6116700201207244,0.6608695652173913,0.6695075757575758,0.30964894233826473,2.2415448068991375,0.35315808689302663,0.35315808689302663,compas,S1,Baseline,LogisticRegression,123
0.6441393875395988,0.7367280606717227,0.7075602070966245,0.613682092555332,0.6777777777777778,0.6808712121212122,0.27415041053360023,2.04924838940587,0.26544359255202626,0.26544359255202626,compas,S1,Baseline,RandomForest,123
0.6454352441613588,0.7385151697303679,0.7113411466619264,0.6116700201207244,0.6831460674157304,0.6837121212121212,0.30182729534105146,2.2581117954315117,0.3077948156261409,0.3077948156261409,compas,S1,Baseline,CatBoost,123
0.6468716861081655,0.7332942197010327,0.7208513715855083,0.613682092555332,0.6838565022421524,0.6846590909090909,0.28365159818205626,2.126578517307978,0.4106060606060606,0.4106060606060606,compas,S1,Baseline,LogisticRegression,999
0.6320346320346321,0.7365030972957604,0.7261564322488528,0.5875251509054326,0.6838407494145199,0.678030303030303,0.2813810387715787,2.1965799729579256,0.3986673968601679,0.3986673968601679,compas,S1,Baseline,RandomForest,999
0.6282051282051282,0.7420461948794737,0.7314854868460577,0.5915492957746479,0.6697038724373576,0.6704545454545454,0.27657807619653246,2.108946381702287,0.41376414749908724,0.41376414749908724,compas,S1,Baseline,CatBoost,999
0.6241900647948164,0.7183296559320141,0.6846764556372873,0.5814889336016097,0.6736596736596736,0.6704545454545454,0.2726803448856303,2.1254747568318666,0.2807594012413289,0.2807594012413289,compas,S1,Baseline,LogisticRegression,2024
0.6236559139784946,0.71982701216242,0.6857729061633092,0.5835010060362174,0.6697459584295612,0.6685606060606061,0.25527895711373366,1.9951151939340914,0.2746987951807228,0.2746987951807228,compas,S1,Baseline,RandomForest,2024
0.6269925611052072,0.7190639363911555,0.6926143754199952,0.5935613682092555,0.6644144144144144,0.6676136363636364,0.24495109132736081,1.8967339952071207,0.26254107338444693,0.26254107338444693,compas,S1,Baseline,CatBoost,2024
0.6349534643226473,0.7263941430335141,0.7028168886186823,0.6177062374245473,0.6531914893617021,0.665719696969697,0.28194587315540426,2.023269074124355,0.28961299744432273,0.28961299744432273,compas,S1,Baseline,LogisticRegression,7
0.6479438314944834,0.7268314718363851,0.6926473254976896,0.6498993963782697,0.646,0.6676136363636364,0.28573886696466977,1.9472130944261887,0.27429718875502007,0.27429718875502007,compas,S1,Baseline,RandomForest,7
0.6490872210953347,0.7265075245749992,0.7002419239068038,0.6438631790744467,0.65439672801636,0.6723484848484849,0.2644659322572802,1.8698449803149606,0.25618838992332965,0.25618838992332965,compas,S1,Baseline,CatBoost,7
0.6385669125395153,0.7307674310622232,0.7035093777633545,0.6096579476861167,0.6703539823008849,0.6751893939393939,0.3128509173882955,2.3040617447571528,0.3864366557137641,0.3864366557137641,compas,S1,Baseline,LogisticRegression,88
0.6320346320346321,0.7362619365567284,0.7087450598685863,0.5875251509054326,0.6838407494145199,0.678030303030303,0.2932313389567397,2.2859416010498688,0.3533041255932822,0.3533041255932822,compas,S1,Baseline,RandomForest,88
0.6296691568836713,0.7291386962202553,0.7056652185801859,0.5935613682092555,0.6704545454545454,0.6714015151515151,0.2663025791609778,2.0380869058034414,0.32604965315808687,0.32604965315808687,compas,S1,Baseline,CatBoost,88
0.6575916230366492,0.7437217221036416,0.7182676178926755,0.6317907444668008,0.6855895196506551,0.6903409090909091,0.3262498363476537,2.373511811023622,0.3379152975538518,0.3379152975538518,compas,S1,Baseline,LogisticRegression,101
0.6527196652719666,0.7427840747526304,0.7147405274105417,0.6277665995975855,0.6797385620915033,0.6856060606060606,0.3001739390652178,2.1810582088453896,0.3046732384081781,0.3046732384081781,compas,S1,Baseline,RandomForest,101
0.6476190476190476,0.7453144628054553,0.7261825805484736,0.6156941649899397,0.6830357142857143,0.6846590909090909,0.29865150466642976,2.220701781209388,0.27752829499817455,0.27752829499817455,compas,S1,Baseline,CatBoost,101
0.6502145922746781,0.7323511732289982,0.7046835998658678,0.6096579476861167,0.696551724137931,0.6912878787878788,0.2939794639684291,2.2501550942495823,0.3229280759401242,0.3229280759401242,compas,S1,Baseline,LogisticRegression,13
0.632258064516129,0.7322863837767213,0.719648670756792,0.5915492957746479,0.6789838337182448,0.6761363636363636,0.2157779564965306,1.7698518617376218,0.24138371668492153,0.24138371668492153,compas,S1,Baseline,RandomForest,13
0.6393088552915767,0.7290307137997933,0.7058997517717411,0.5955734406438632,0.6899766899766899,0.6837121212121212,0.22922924420670693,1.8540310779736604,0.25648046732384083,0.25648046732384083,compas,S1,Baseline,CatBoost,13
0.6399155227032735,0.7274361733909719,0.7260062868118444,0.6096579476861167,0.6733333333333333,0.6770833333333334,0.28600071071876104,2.1252925160055924,0.3229280759401242,0.3229280759401242,compas,S1,Baseline,LogisticRegression,555
0.6336842105263157,0.7247294140513924,0.7250442529019163,0.6056338028169014,0.6644591611479028,0.6704545454545454,0.2986253202910207,2.197345331833521,0.3259766338079591,0.3259766338079591,compas,S1,Baseline,RandomForest,555
0.6324786324786325,0.7271464205627325,0.7312387587768843,0.5955734406438632,0.6742596810933941,0.6742424242424242,0.23707707557932933,1.86790825059911,0.25648046732384083,0.25648046732384083,compas,S1,Baseline,CatBoost,555
0.6232179226069247,0.7022942664934149,0.6794898851915561,0.6156941649899397,0.6309278350515464,0.6496212121212122,0.30161782033777845,2.085308567198331,0.3410368747718145,0.3410368747718145,compas,S1,Baseline,LogisticRegression,777
0.6325486182190379,0.7079579444466442,0.6727506129077716,0.6217303822937625,0.64375,0.6600378787878788,0.2897937045280266,2.0339249966635524,0.3228550565899963,0.3228550565899963,compas,S1,Baseline,RandomForest,777
0.6389452332657201,0.7122124518128449,0.6852891855140841,0.6338028169014085,0.6441717791411042,0.6628787878787878,0.24866553201039893,1.793092340730136,0.2592734574662285,0.2592734574662285,compas,S1,Baseline,CatBoost,777
0.6058631921824105,0.7023554565316766,0.6745227512092575,0.5613682092555332,0.6580188679245284,0.65625,0.011999925187498872,1.03043354520444,0.014749908725812388,0.061945647689768985,compas,S2,Baseline,LogisticRegression,42
0.6041896361631753,0.7126335832526465,0.6761982972875502,0.5513078470824949,0.6682926829268293,0.6600378787878788,0.12425608319150133,1.3963015986638034,0.08134355604235122,0.08851588283828382,compas,S2,Baseline,RandomForest,42
0.6145494028230185,0.7090035742181172,0.6886352358360929,0.5694164989939637,0.6674528301886793,0.6638257575757576,0.08705182636018477,1.2493116931812094,0.035870755750273875,0.05457147277227725,compas,S2,Baseline,CatBoost,42
0.6089813800657174,0.7213891578451028,0.696515597712529,0.5593561368209256,0.6682692307692307,0.6619318181818182,0.023102100360970323,1.0607874015748031,0.029883169039795487,0.056221637788778867,compas,S2,Baseline,LogisticRegression,123
0.6301075268817204,0.7319048458910888,0.7046033611996216,0.5895372233400402,0.6766743648960739,0.6742424242424242,0.15257635550900556,1.4793630273827711,0.14764512595837892,0.14764512595837892,compas,S2,Baseline,RandomForest,123
0.6383881230116649,0.7321909993053131,0.7067794151837814,0.6056338028169014,0.6748878923766816,0.6770833333333334,0.08614659509604056,1.2324853624066223,0.0900876232201534,0.0900876232201534,compas,S2,Baseline,CatBoost,123
0.6065934065934065,0.72491118445917,0.6970887021136605,0.5553319919517102,0.6682808716707022,0.6609848484848485,0.04207829128247331,1.1150322118826057,0.17809419496166484,0.17809419496166484,compas,S2,Baseline,LogisticRegression,999
0.6208378088077336,0.7403220755660979,0.7249994836807574,0.5814889336016097,0.6658986175115207,0.665719696969697,0.14625095853517123,1.452732746641964,0.2353961299744432,0.2353961299744432,compas,S2,Baseline,RandomForest,999
0.6379310344827587,0.7387869254885304,0.7123961895288159,0.5955734406438632,0.6867749419953596,0.6818181818181818,0.10992574859258986,1.3213801399825023,0.18389923329682362,0.18389923329682362,compas,S2,Baseline,CatBoost,999
0.6006600660066007,0.7049218387246556,0.6706675343452222,0.5492957746478874,0.662621359223301,0.65625,-0.0029476125460564107,0.992479121927941,-0.021467688937568452,0.060127887788778867,compas,S2,Baseline,LogisticRegression,2024
0.6221248630887185,0.7137673986674969,0.6783508898957628,0.5714285714285714,0.6826923076923077,0.6732954545454546,0.1297548020274188,1.4107276064176189,0.12053669222343927,0.12053669222343927,compas,S2,Baseline,RandomForest,2024
0.6195069667738478,0.7082440978608682,0.6828626827946023,0.5814889336016097,0.6628440366972477,0.6638257575757576,0.07039856359997754,1.1899858671512213,0.0630156991602775,0.0630156991602775,compas,S2,Baseline,CatBoost,2024
0.6231884057971014,0.7159468438538206,0.6919574154631125,0.6056338028169014,0.6417910447761194,0.6553030303030303,0.03151476611741827,1.0741213214270005,0.03565169769989052,0.04369069719471946,compas,S2,Baseline,LogisticRegression,7
0.6405767250257467,0.7232626528401176,0.6914637753404784,0.6257545271629779,0.6561181434599156,0.6695075757575758,0.14604148353189816,1.4044964774140074,0.12020810514786417,0.12020810514786417,compas,S2,Baseline,RandomForest,7
0.6313603322949117,0.715466322082765,0.6911914758212033,0.6116700201207244,0.6523605150214592,0.6638257575757576,0.09789215777956495,1.2559788722061915,0.07190580503833521,0.07190580503833521,compas,S2,Baseline,CatBoost,7
0.6118918918918919,0.7224365873235837,0.6893674872986892,0.5694164989939637,0.6612149532710281,0.6600378787878788,0.0340995380328053,1.0886167006901915,0.044943410003650985,0.04753248762376239,compas,S2,Baseline,LogisticRegression,88
0.6186895810955961,0.7339277165677428,0.6990028524600217,0.579476861167002,0.663594470046083,0.6638257575757576,0.16600145884377282,1.533485604375789,0.22331142752829503,0.22331142752829503,compas,S2,Baseline,RandomForest,88
0.627906976744186,0.7220604485589744,0.6952736455091661,0.5975855130784709,0.6614699331848553,0.6666666666666666,0.10272130473002039,1.2826514332767227,0.16876597298284046,0.16876597298284046,compas,S2,Baseline,CatBoost,88
0.632368703108253,0.7375253308761334,0.7110463891649283,0.5935613682092555,0.676605504587156,0.6751893939393939,0.022997362859333792,1.0576302962129733,-0.009638554216867434,0.03190748762376239,compas,S2,Baseline,LogisticRegression,101
0.6411075612353567,0.7432052061924319,0.7123938895107641,0.6056338028169014,0.6809954751131222,0.6808712121212122,0.15884938373202162,1.491732283464567,0.15359620299379328,0.15359620299379328,compas,S2,Baseline,RandomForest,101
0.6536485097636177,0.7352145070782476,0.7142189827522145,0.6398390342052314,0.6680672268907563,0.6808712121212122,0.08993958890530607,1.2267339337073884,0.05056589996349026,0.05056589996349026,compas,S2,Baseline,CatBoost,101
0.6160616061606161,0.7238385590825813,0.690445849063187,0.5633802816901409,0.6796116504854369,0.6695075757575758,0.020752987824265434,1.0549497350567028,0.03590726542533773,0.06881703795379537,compas,S2,Baseline,LogisticRegression,13
0.6189427312775331,0.7305208712021682,0.7157270306480265,0.5653923541247485,0.683698296836983,0.6723484848484849,0.0942300858473451,1.283363329583802,0.10242789339174885,0.10242789339174885,compas,S2,Baseline,RandomForest,13
0.6336206896551724,0.720586488519669,0.6893817366116682,0.5915492957746479,0.6821345707656613,0.678030303030303,0.06252454785194606,1.168736119523521,0.0871485943775101,0.0871485943775101,compas,S2,Baseline,CatBoost,13
0.6195652173913043,0.7154465253056802,0.7086324557072075,0.5734406438631791,0.6737588652482269,0.6685606060606061,0.014375222099612894,1.0366785969935577,0.06004016064257034,0.09946111798679869,compas,S2,Baseline,LogisticRegression,555
0.6417112299465241,0.7219416678964665,0.7154477658463076,0.6036217303822937,0.684931506849315,0.6827651515151515,0.14860007107187612,1.4566469337318237,0.16872946330777655,0.16872946330777655,compas,S2,Baseline,RandomForest,555
0.6221743810548978,0.7211749927111866,0.7186048087226707,0.5814889336016097,0.6689814814814815,0.6676136363636364,0.09570015149531486,1.2722281336454564,0.13559693318729465,0.13559693318729465,compas,S2,Baseline,CatBoost,555
0.6175869120654397,0.6875906602405129,0.6620237265621426,0.607645875251509,0.6278586278586279,0.6458333333333334,0.026711803542371904,1.0607874015748031,0.0840270171595473,0.08665944719471946,compas,S2,Baseline,LogisticRegression,777
0.6172839506172839,0.7050658152852716,0.6656301183498515,0.6036217303822937,0.631578947368421,0.6477272727272727,0.16736678699010604,1.479329369543093,0.18687477181453083,0.18687477181453083,compas,S2,Baseline,RandomForest,777
0.6231884057971014,0.7049686311068557,0.6776423911893148,0.6056338028169014,0.6417910447761194,0.6553030303030303,0.09076626704322288,1.233003648934127,0.08101496896677618,0.08101496896677618,compas,S2,Baseline,CatBoost,777
0.6371859296482412,0.7096568678619121,0.6849394912275616,0.6378269617706237,0.6365461847389559,0.6581439393939394,0.34579086165298223,2.311513087891041,0.34695144213216506,0.34695144213216506,compas,S3,GaussianCopula,LogisticRegression,42
0.6425619834710744,0.7077635760898127,0.6748778507489894,0.6257545271629779,0.6602972399150743,0.6723484848484849,0.27957057624329024,2.0059761760549164,0.27444322745527566,0.27444322745527566,compas,S3,GaussianCopula,RandomForest,42
0.6370217166494312,0.7125669940933615,0.6882251682775602,0.6197183098591549,0.6553191489361702,0.6676136363636364,0.28984607327884493,2.070396463599945,0.29262504563709385,0.29262504563709385,compas,S3,GaussianCopula,CatBoost,42
0.6297872340425532,0.7267774806261541,0.7046682311742993,0.5955734406438632,0.6681715575620768,0.6704545454545454,0.37767969027624515,2.963001846991348,0.4197882438846295,0.4197882438846295,compas,S3,GaussianCopula,LogisticRegression,123
0.6589229144667371,0.7348131724155308,0.7086471513137793,0.6277665995975855,0.6933333333333334,0.6941287878787878,0.3136514111508033,2.320472440944882,0.3228185469149325,0.3228185469149325,compas,S3,GaussianCopula,RandomForest,123
0.6511134676564156,0.7388589137688384,0.7098697960889584,0.6177062374245473,0.6883408071748879,0.6884469696969697,0.30735219855237805,2.293952755905512,0.31683096020445417,0.31683096020445417,compas,S3,GaussianCopula,CatBoost,123
0.5753086419753086,0.7293960543223563,0.7231229067432924,0.4688128772635815,0.744408945686901,0.6742424242424242,0.28750818261731537,3.32771047849788,0.4205549470609712,0.4205549470609712,compas,S3,GaussianCopula,LogisticRegression,999
0.6139534883720931,0.7378114842903576,0.7224529435015106,0.5311871227364185,0.7272727272727273,0.6856060606060606,0.29514653898666465,2.775095613048369,0.40505658999634897,0.40505658999634897,compas,S3,GaussianCopula,RandomForest,999
0.6241457858769932,0.7459911526403502,0.730340437196902,0.5513078470824949,0.7191601049868767,0.6875,0.26424149475377334,2.308772579898101,0.38074114640379697,0.38074114640379697,compas,S3,GaussianCopula,CatBoost,999
0.5388471177944862,0.7196056482004729,0.6825530340574824,0.43259557344064387,0.7142857142857143,0.6515151515151515,0.23700974432827723,2.663018372703412,0.27561153705732017,0.27561153705732017,compas,S3,GaussianCopula,LogisticRegression,2024
0.609286523216308,0.7206134841247844,0.6881486533358436,0.5412474849094567,0.6968911917098446,0.6732954545454546,0.2681654104400846,2.312763230177623,0.29309967141292437,0.29309967141292437,compas,S3,GaussianCopula,RandomForest,2024
0.5876887340301974,0.7178419353329277,0.6905565325827098,0.5090543259557344,0.695054945054945,0.6638257575757576,0.23746984121046627,2.1761741547012505,0.26305220883534136,0.26305220883534136,compas,S3,GaussianCopula,CatBoost,2024
0.6513486513486514,0.7252963217588178,0.6946656847876767,0.6559356136820925,0.6468253968253969,0.6695075757575758,0.3354891802420185,2.2175943524300847,0.3377692588535962,0.3377692588535962,compas,S3,GaussianCopula,LogisticRegression,7
0.6504559270516718,0.726826072715362,0.700931893846762,0.6458752515090543,0.6551020408163265,0.6732954545454546,0.27394093553032717,1.9153105861767281,0.2864184008762322,0.2864184008762322,compas,S3,GaussianCopula,RandomForest,7
0.6439317953861585,0.7256670614024037,0.6933233984070629,0.6458752515090543,0.642,0.6638257575757576,0.25413806647090725,1.7925342665500144,0.26827309236947794,0.26827309236947794,compas,S3,GaussianCopula,CatBoost,7
0.5372005044136192,0.7269502524988932,0.6982935531763286,0.42857142857142855,0.7195945945945946,0.6524621212121212,0.244936128827127,2.8413948256467942,0.31495071193866375,0.31495071193866375,compas,S3,GaussianCopula,LogisticRegression,88
0.5953488372093023,0.7375973191564413,0.7071873494858834,0.5150905432595574,0.7052341597796143,0.6704545454545454,0.2674958385546225,2.4625421822272218,0.33559693318729467,0.33559693318729467,compas,S3,GaussianCopula,RandomForest,88
0.6109839816933639,0.7366416747353531,0.709149877448229,0.5372233400402414,0.7082228116710876,0.678030303030303,0.26979258234050907,2.3851545995774917,0.3415115005476451,0.3415115005476451,compas,S3,GaussianCopula,CatBoost,88
0.6082949308755761,0.7382362151441746,0.7160257394834177,0.5311871227364185,0.7115902964959568,0.678030303030303,0.3709465651710401,3.892009332166812,0.4141292442497262,0.4141292442497262,compas,S3,GaussianCopula,LogisticRegression,101
0.6208425720620843,0.7388697120108846,0.7091679342258885,0.5633802816901409,0.691358024691358,0.6761363636363636,0.3059868704060449,2.5335770528683916,0.3262322015334064,0.3262322015334064,compas,S3,GaussianCopula,RandomForest,101
0.6272321428571429,0.7429172530711999,0.715110710714334,0.5653923541247485,0.7042606516290727,0.6837121212121212,0.27678755119980547,2.3092984163496415,0.2838809784592917,0.2838809784592917,compas,S3,GaussianCopula,CatBoost,101
0.6044340723453909,0.7325779363119684,0.7070365674285557,0.5211267605633803,0.7194444444444444,0.6789772727272727,0.3062225297847271,2.9533285612025773,0.37185104052573936,0.37185104052573936,compas,S3,GaussianCopula,LogisticRegression,13
0.6247191011235955,0.7356824309002494,0.7210745364331357,0.5593561368209256,0.7073791348600509,0.6837121212121212,0.20413713131464267,1.8184926884139483,0.2385542168674698,0.2385542168674698,compas,S3,GaussianCopula,RandomForest,13
0.6194285714285714,0.7294698423096719,0.6998821042361654,0.545271629778672,0.716931216931217,0.6846590909090909,0.2358164849346326,2.090975166565718,0.27190580503833517,0.27190580503833517,compas,S3,GaussianCopula,CatBoost,13
0.6446446446446447,0.7252531287906329,0.7222663907286243,0.647887323943662,0.6414342629482072,0.6638257575757576,0.3165391736959246,2.110524934383202,0.334793720335889,0.334793720335889,compas,S3,GaussianCopula,LogisticRegression,555
0.6428571428571429,0.7239753368151665,0.7220154033219042,0.6338028169014085,0.6521739130434783,0.6685606060606061,0.3182187143471674,2.1961614173228345,0.3409273457466228,0.3409273457466228,compas,S3,GaussianCopula,RandomForest,555
0.642051282051282,0.726388743912491,0.7315055608075105,0.6297786720321932,0.6548117154811716,0.6695075757575758,0.2550432977350515,1.8521684789401325,0.2804673238408178,0.2804673238408178,compas,S3,GaussianCopula,CatBoost,555
0.5263157894736842,0.6842684011043002,0.6666297234232691,0.43259557344064387,0.671875,0.6335227272727273,0.3972843062075673,7.1946923301254,0.49335523913837165,0.49335523913837165,compas,S3,GaussianCopula,LogisticRegression,777
0.5846501128668171,0.7063472066747534,0.6662909190499839,0.5211267605633803,0.6658097686375322,0.6515151515151515,0.3360914208764284,3.021349831271091,0.417214311792625,0.417214311792625,compas,S3,GaussianCopula,RandomForest,777
0.6024096385542169,0.703788023309805,0.6651886842383938,0.5533199195171026,0.6610576923076923,0.65625,0.3865113060392392,3.392959703566466,0.45633442862358525,0.45633442862358525,compas,S3,GaussianCopula,CatBoost,777
0.578177727784027,0.6916759951479899,0.6679034897766507,0.5171026156941649,0.6556122448979592,0.6448863636363636,0.3803168309424505,3.6685564304461944,0.38397225264695145,0.38397225264695145,compas,S3,CTGAN,LogisticRegression,42
0.6127292340884574,0.7108770692131321,0.6735965644220991,0.5714285714285714,0.6604651162790698,0.6600378787878788,0.26240484785007573,2.0521184851893515,0.22940854326396493,0.22940854326396493,compas,S3,CTGAN,RandomForest,42
0.6074866310160428,0.7059584699610904,0.6714270395355473,0.5714285714285714,0.6484018264840182,0.6524621212121212,0.2829034731703667,2.156333613638101,0.28384446878422775,0.28384446878422775,compas,S3,CTGAN,CatBoost,42
0.5452292441140025,0.7184844307346763,0.6919861934516639,0.4426559356136821,0.7096774193548387,0.6524621212121212,0.2946340733536574,3.531447854732444,0.32696239503468416,0.32696239503468416,compas,S3,CTGAN,LogisticRegression,123
0.5988700564971752,0.7290739067679781,0.6890662142884145,0.5331991951710262,0.6829896907216495,0.6638257575757576,0.30686591729477997,2.6777993659883426,0.30826944140197154,0.30826944140197154,compas,S3,CTGAN,RandomForest,123
0.6125137211855104,0.7313415375976791,0.691665897514348,0.5613682092555332,0.6739130434782609,0.665719696969697,0.2727588980118578,2.1961614173228345,0.25063891931361815,0.25063891931361815,compas,S3,CTGAN,CatBoost,123
0.6158868335146899,0.7142371221965063,0.7097395113511509,0.5694164989939637,0.6706161137440758,0.665719696969697,0.42361082536891914,3.923609139021557,0.5620847024461482,0.5620847024461482,compas,S3,CTGAN,LogisticRegression,999
0.6116071428571429,0.7309402029349622,0.7185238425651462,0.5513078470824949,0.6867167919799498,0.6704545454545454,0.29258795144668676,2.449170912459472,0.41703176341730563,0.41703176341730563,compas,S3,CTGAN,RandomForest,999
0.6301969365426696,0.7352019091291937,0.7174271388706833,0.579476861167002,0.6906474820143885,0.6799242424242424,0.2932837077075579,2.34209174940089,0.41383716684921507,0.41383716684921507,compas,S3,CTGAN,CatBoost,999
0.6038894575230297,0.6862948711949695,0.6608644361937097,0.5935613682092555,0.6145833333333334,0.6335227272727273,0.2581929040342641,1.862692163479565,0.28068638189120115,0.28068638189120115,compas,S3,CTGAN,LogisticRegression,2024
0.6270161290322581,0.6971273076743107,0.6606514027994312,0.6257545271629779,0.6282828282828283,0.6496212121212122,0.22651355041427423,1.6811586051743532,0.1927893391748814,0.1927893391748814,compas,S3,CTGAN,RandomForest,2024
0.6185567010309279,0.7011586513715568,0.6723894278343681,0.6036217303822937,0.6342494714587738,0.6496212121212122,0.2195185815549779,1.6948670889822985,0.2140927345746622,0.2140927345746622,compas,S3,CTGAN,CatBoost,2024
0.6316776007497656,0.6967169744765552,0.6704514720069716,0.6780684104627767,0.5912280701754385,0.6278409090909091,0.4236257878691529,2.486220472440945,0.4071924059875867,0.4071924059875867,compas,S3,CTGAN,LogisticRegression,7
0.6556420233463035,0.7052421865720261,0.6612658791683457,0.6780684104627767,0.6346516007532956,0.6647727272727273,0.24370546318289782,1.684,0.2348119751734209,0.2348119751734209,compas,S3,CTGAN,RandomForest,7
0.6640926640926641,0.7080515292110445,0.6701649861075426,0.6921529175050302,0.6382189239332097,0.6704545454545454,0.30370508912039207,1.9265205979687323,0.3284775465498357,0.3284775465498357,compas,S3,CTGAN,CatBoost,7
0.603448275862069,0.7041263682272526,0.6862122694728288,0.5633802816901409,0.6496519721577726,0.6515151515151515,0.339031552172368,2.659677714704267,0.34437751004016065,0.34437751004016065,compas,S3,CTGAN,LogisticRegression,88
0.6240837696335079,0.7076249986502197,0.6778924820676889,0.5995975855130785,0.6506550218340611,0.6600378787878788,0.19194643424916308,1.6030555882007287,0.2171412924424973,0.2171412924424973,compas,S3,CTGAN,RandomForest,88
0.6304801670146137,0.7080911227652138,0.6828777264218187,0.607645875251509,0.6550976138828634,0.6647727272727273,0.22432154413002414,1.7436170872341745,0.2654801022270902,0.2654801022270902,compas,S3,CTGAN,CatBoost,88
0.6448598130841121,0.7123384313033838,0.6854780474979361,0.6941649899396378,0.6020942408376964,0.6401515151515151,0.6100548001571062,4.47071717386678,0.5673786053304126,0.5939304867986799,compas,S3,CTGAN,LogisticRegression,101
0.6647619047619048,0.7246538263570691,0.6868185257587556,0.7022132796780685,0.6311030741410488,0.6666666666666666,0.4166046346344474,2.5251352276617594,0.39797371303395407,0.39797371303395407,compas,S3,CTGAN,RandomForest,101
0.6555772994129159,0.7304704794059527,0.6936885901725997,0.6740442655935613,0.638095238095238,0.6666666666666666,0.40806104700095386,2.6206952904471845,0.37395034684191314,0.37395034684191314,compas,S3,CTGAN,CatBoost,101
0.5570228091236494,0.7009498853586636,0.6852079431482181,0.46680080482897385,0.6904761904761905,0.6505681818181818,0.38298015598406493,5.357693126197063,0.45383351588170867,0.45383351588170867,compas,S3,CTGAN,LogisticRegression,13
0.5904317386231038,0.7198000165573044,0.6962502293393116,0.5090543259557344,0.7027777777777777,0.6676136363636364,0.2904221295378458,2.7466816647919012,0.34470609711573563,0.34470609711573563,compas,S3,CTGAN,RandomForest,13
0.6068181818181818,0.7198216130413968,0.6862683799194602,0.5372233400402414,0.6971279373368147,0.6723484848484849,0.3147923017936297,2.815446014453673,0.3778021175611537,0.3778021175611537,compas,S3,CTGAN,CatBoost,13
0.5820224719101124,0.6906339647905321,0.6893155484817888,0.5211267605633803,0.6590330788804071,0.6477272727272727,0.4134924345858193,4.347698364627498,0.417214311792625,0.417214311792625,compas,S3,CTGAN,LogisticRegression,555
0.5797752808988764,0.7012216411168262,0.682162914101268,0.5191146881287726,0.6564885496183206,0.6458333333333334,0.31869003310453176,2.765375051802735,0.359766338079591,0.359766338079591,compas,S3,CTGAN,RandomForest,555
0.5982339955849889,0.7108770692131321,0.7016125086169878,0.545271629778672,0.6625916870415648,0.6553030303030303,0.3083359829427498,2.527169986104678,0.36263234757210655,0.36263234757210655,compas,S3,CTGAN,CatBoost,555
0.6516431924882629,0.6972550868718572,0.6708133104213955,0.6981891348088531,0.6109154929577465,0.6486742424242424,0.4204761815699403,2.4751706036745404,0.4373128879152976,0.4373128879152976,compas,S3,CTGAN,LogisticRegression,777
0.6430738119312437,0.7030645410927101,0.6643399320005905,0.6398390342052314,0.6463414634146342,0.665719696969697,0.22968934108889594,1.7007189318726463,0.2138736765242789,0.2138736765242789,compas,S3,CTGAN,RandomForest,777
0.6539235412474849,0.7093239220654878,0.6739672179878669,0.6539235412474849,0.6539235412474849,0.6742424242424242,0.28101445751585086,1.931551863103726,0.30753924790069365,0.30753924790069365,compas,S3,CTGAN,CatBoost,777
0.6261780104712041,0.7130331182083556,0.6854530669646932,0.6016096579476862,0.6528384279475983,0.6619318181818182,0.3025492359773318,2.201634229683554,0.3018072289156626,0.3018072289156626,compas,S3,TVAE,LogisticRegression,42
0.6526526526526526,0.710297563556653,0.677665776522391,0.6559356136820925,0.649402390438247,0.6714015151515151,0.28888847326388234,1.9576539153078305,0.2833333333333333,0.2833333333333333,compas,S3,TVAE,RandomForest,42
0.6337448559670782,0.7118021186150894,0.6861933735185984,0.6197183098591549,0.6484210526315789,0.6628787878787878,0.2661192885331139,1.9183296760036144,0.24726177437020808,0.24726177437020808,compas,S3,TVAE,CatBoost,42
0.6352941176470588,0.7320596206937511,0.7073575002993456,0.5975855130784709,0.678082191780822,0.6770833333333334,0.2829034731703667,2.156333613638101,0.31392844103687473,0.31392844103687473,compas,S3,TVAE,LogisticRegression,123
0.6493236212278877,0.7313703329098022,0.7042710599479008,0.6277665995975855,0.6724137931034483,0.6808712121212122,0.2803972543812071,2.035502141179721,0.25023731288791523,0.25023731288791523,compas,S3,TVAE,RandomForest,123
0.6339381003201707,0.7309402029349621,0.7134823128283643,0.5975855130784709,0.675,0.6751893939393939,0.25840237903753716,1.9889763779527558,0.26856516976998906,0.26856516976998906,compas,S3,TVAE,CatBoost,123
0.6550308008213552,0.7306864442468767,0.7163222498176876,0.641851106639839,0.6687631027253669,0.6818181818181818,0.31271999551124996,2.1860821451372634,0.45277473530485574,0.45277473530485574,compas,S3,TVAE,LogisticRegression,999
0.6494845360824743,0.7379014696407424,0.737373180264275,0.6338028169014085,0.6659619450317125,0.678030303030303,0.33802158340658717,2.381622200137604,0.45887185104052575,0.45887185104052575,compas,S3,TVAE,RandomForest,999
0.6430868167202572,0.7389776944313465,0.7354977965227197,0.6036217303822937,0.6880733944954128,0.6846590909090909,0.3113546673649167,2.379792789059262,0.4409090909090909,0.4409090909090909,compas,S3,TVAE,CatBoost,999
0.6222222222222222,0.7148346249230625,0.6745348476304542,0.5915492957746479,0.65625,0.6619318181818182,0.23940000374062503,1.8541305218203656,0.24138371668492153,0.24138371668492153,compas,S3,TVAE,LogisticRegression,2024
0.6323529411764706,0.7197928177292736,0.6801929166668566,0.6056338028169014,0.6615384615384615,0.6685606060606061,0.2504236257878692,1.893460563192313,0.26246805403431905,0.26246805403431905,compas,S3,TVAE,RandomForest,2024
0.6284501061571125,0.7191845167606714,0.6811377850670877,0.5955734406438632,0.6651685393258427,0.6685606060606061,0.24652589447696704,1.9024991441287227,0.2746257758305951,0.2746257758305951,compas,S3,TVAE,CatBoost,2024
0.6436548223350254,0.7255860745870573,0.699698634746436,0.6378269617706237,0.6495901639344263,0.6676136363636364,0.3181925299717583,2.1750794308606163,0.3197334793720336,0.3197334793720336,compas,S3,TVAE,LogisticRegression,7
0.6375,0.7253917062302258,0.6916822422925915,0.6156941649899397,0.6609071274298056,0.6704545454545454,0.3104232517253633,2.2329074431733766,0.33196422051843744,0.33196422051843744,compas,S3,TVAE,RandomForest,7
0.6510204081632653,0.727621543212765,0.7006226209260297,0.641851106639839,0.660455486542443,0.6761363636363636,0.29056801391512527,2.027975914775359,0.3076122672508215,0.3076122672508215,compas,S3,TVAE,CatBoost,7
0.6525252525252525,0.7299701608578123,0.7042146983570863,0.6498993963782697,0.6551724137931034,0.6742424242424242,0.4129687470776367,2.8897808969530985,0.5011135450894488,0.5011135450894488,compas,S3,TVAE,LogisticRegression,88
0.6387434554973822,0.732084816591859,0.709295046242689,0.613682092555332,0.665938864628821,0.6732954545454546,0.2946490358538912,2.1485855934674833,0.3652427893391749,0.3652427893391749,compas,S3,TVAE,RandomForest,88
0.6314699792960663,0.7283828192770216,0.7089681384294697,0.613682092555332,0.650319829424307,0.6628787878787878,0.29222137019095895,2.0887185561981743,0.34709748083242054,0.34709748083242054,compas,S3,TVAE,CatBoost,88
0.6774519716885743,0.7489894645151769,0.7190356983506896,0.6740442655935613,0.6808943089430894,0.6979166666666666,0.2928909420764209,2.010713824706338,0.28322380430814165,0.28322380430814165,compas,S3,TVAE,LogisticRegression,101
0.6784313725490196,0.7423737415548748,0.7183292710386658,0.6961770623742455,0.6615678776290631,0.6893939393939394,0.28245833878841153,1.8679924133570895,0.2891383716684921,0.2891383716684921,compas,S3,TVAE,RandomForest,101
0.6653266331658292,0.7443804148684594,0.7262036752845471,0.6659959758551308,0.6646586345381527,0.6846590909090909,0.23913815998653376,1.7295446764806575,0.2258123402701716,0.2258123402701716,compas,S3,TVAE,CatBoost,101
0.6509635974304069,0.7339943057270277,0.7031583623157754,0.6116700201207244,0.6956521739130435,0.6912878787878788,0.33267997082312456,2.556202974628172,0.380376049653158,0.380376049653158,compas,S3,TVAE,LogisticRegression,13
0.6393088552915767,0.7361143605820972,0.7267517750722063,0.5955734406438632,0.6899766899766899,0.6837121212121212,0.32008154562627417,2.4972703412073494,0.3472070098576122,0.3472070098576122,compas,S3,TVAE,RandomForest,13
0.6496272630457934,0.7312353548842249,0.7073599624316416,0.613682092555332,0.6900452488687783,0.6884469696969697,0.29710288589223255,2.238418960006237,0.31080686381891204,0.31080686381891204,compas,S3,TVAE,CatBoost,13
0.6479166666666667,0.7251091522300169,0.7223614711388398,0.6257545271629779,0.67170626349892,0.6799242424242424,0.3183234518488039,2.288597819503331,0.35609711573567,0.35609711573567,compas,S3,TVAE,LogisticRegression,555
0.6373165618448637,0.7249579768413703,0.7254172636299296,0.6116700201207244,0.6652078774617067,0.6723484848484849,0.3128247330128864,2.2786331320235456,0.33501277838627236,0.33501277838627236,compas,S3,TVAE,RandomForest,555
0.6385669125395153,0.7317590696234653,0.7358445406941865,0.6096579476861167,0.6703539823008849,0.6751893939393939,0.26149961658593146,1.965713496339273,0.29571011317999274,0.29571011317999274,compas,S3,TVAE,CatBoost,555
0.6350806451612904,0.7021250940346911,0.6766185701461458,0.6338028169014085,0.6363636363636364,0.6571969696969697,0.3015654515869602,2.0492483894058697,0.3409273457466228,0.3409273457466228,compas,S3,TVAE,LogisticRegression,777
0.641051567239636,0.7044845099217847,0.6729295196321413,0.6378269617706237,0.6443089430894309,0.6638257575757576,0.27709054182953974,1.9258342707161606,0.283442862358525,0.283442862358525,compas,S3,TVAE,RandomForest,777
0.6375634517766497,0.7089963753900865,0.6826901532641297,0.6317907444668008,0.6434426229508197,0.6619318181818182,0.2786915293545552,1.946202692405385,0.2834793720335889,0.2834793720335889,compas,S3,TVAE,CatBoost,777
0.6131549609810479,0.7135730303106655,0.6873737648786895,0.5533199195171026,0.6875,0.6714015151515151,0.2783623543494118,2.3167477660798017,0.28395399780941943,0.28395399780941943,compas,S3,TabDDPM,LogisticRegression,42
0.6222222222222222,0.7174855933454034,0.6837617747384205,0.5633802816901409,0.6947890818858561,0.678030303030303,0.2514859633044682,2.0915009335173314,0.23550565899963488,0.23550565899963488,compas,S3,TabDDPM,RandomForest,42
0.6354733405875952,0.7200069828631899,0.6912928256607187,0.5875251509054326,0.6919431279620853,0.6827651515151515,0.24980642265322534,2.001604799400075,0.22628696604600224,0.22628696604600224,compas,S3,TabDDPM,CatBoost,42
0.6255411255411255,0.7241319113248363,0.7016268514719566,0.5814889336016097,0.6768149882903981,0.6723484848484849,0.4986365421661959,5.771045096635647,0.5620116830960205,0.5620116830960205,compas,S3,TabDDPM,LogisticRegression,123
0.6348862405200434,0.733997905141043,0.7080650656233514,0.5895372233400402,0.687793427230047,0.6808712121212122,0.30745693605401464,2.406949674768915,0.3290982110259219,0.3290982110259219,compas,S3,TabDDPM,RandomForest,123
0.6311207834602829,0.7380760412204893,0.7135489564590496,0.5835010060362174,0.6872037914691943,0.6789772727272727,0.3090579235790301,2.44570428696413,0.32006206644760865,0.32006206644760865,compas,S3,TabDDPM,CatBoost,123
0.5624270711785297,0.6893741698851428,0.6735569680382215,0.48490945674044267,0.6694444444444444,0.6448863636363636,0.3773243308956927,4.309448818897637,0.48094194961664843,0.48094194961664843,compas,S3,TabDDPM,LogisticRegression,999
0.6131221719457014,0.7324897506685911,0.7181703872428559,0.545271629778672,0.7002583979328165,0.6761363636363636,0.297390914021733,2.584830060799362,0.4352135815991238,0.4352135815991238,compas,S3,TabDDPM,RandomForest,999
0.6297117516629712,0.739980131234635,0.7290070243781444,0.5714285714285714,0.7012345679012346,0.6837121212121212,0.2664858697888417,2.193516501926621,0.4017889740781307,0.4017889740781307,compas,S3,TabDDPM,CatBoost,999
0.5946547884187082,0.6966845797504166,0.667803983267398,0.5372233400402414,0.6658354114713217,0.6553030303030303,0.30758785793106025,2.5792010754753214,0.35965680905439934,0.35965680905439934,compas,S3,TabDDPM,LogisticRegression,2024
0.6247288503253796,0.7198342109904508,0.6872271584932587,0.579476861167002,0.6776470588235294,0.6723484848484849,0.3019320328426881,2.3668106002878675,0.3231106243154436,0.3231106243154436,compas,S3,TabDDPM,RandomForest,2024
0.6419491525423728,0.7215943244439806,0.6826089266584248,0.6096579476861167,0.6778523489932886,0.6799242424242424,0.2536256008379,1.93663489432242,0.2503468419131069,0.2503468419131069,compas,S3,TabDDPM,CatBoost,2024
0.6299045599151644,0.7260162045618973,0.6993810431228447,0.5975855130784709,0.6659192825112108,0.6695075757575758,0.3508032992313015,2.659417853667168,0.3592917123037605,0.3592917123037605,compas,S3,TabDDPM,LogisticRegression,7
0.6457023060796646,0.7319498385662814,0.6955155401119265,0.6197183098591549,0.6739606126914661,0.6799242424242424,0.3049245328894458,2.222602174728159,0.3107703541438481,0.3107703541438481,compas,S3,TabDDPM,RandomForest,7
0.6508264462809917,0.7297775922079885,0.6993419051897988,0.6338028169014085,0.6687898089171974,0.6799242424242424,0.263770175996409,1.9177458189627123,0.2683461117196057,0.2683461117196057,compas,S3,TabDDPM,CatBoost,7
0.6097297297297297,0.7234714188530108,0.6965435245335228,0.5674044265593562,0.6588785046728972,0.6581439393939394,0.3145566424149476,2.455256554469153,0.3685469149324571,0.3685469149324571,compas,S3,TabDDPM,LogisticRegression,88
0.619625137816979,0.7392494501895092,0.7119904685971884,0.5653923541247485,0.6853658536585366,0.6732954545454546,0.27040978547515293,2.198342312474099,0.33831690397955455,0.33831690397955455,compas,S3,TabDDPM,RandomForest,88
0.6348195329087049,0.7376279141755722,0.7130630257947013,0.6016096579476862,0.6719101123595506,0.6742424242424242,0.2623262947238484,1.9949492799886501,0.31995253742241697,0.31995253742241697,compas,S3,TabDDPM,CatBoost,88
0.6275787187839305,0.736288932161844,0.7181704867974552,0.5814889336016097,0.6816037735849056,0.6751893939393939,0.3319580301868442,2.644168596572487,0.3261226725082147,0.3261226725082147,compas,S3,TabDDPM,LogisticRegression,101
0.660436137071651,0.7459821541053115,0.7183673497347128,0.6398390342052314,0.6824034334763949,0.6903409090909091,0.2795967606186993,2.023567271482369,0.3046002190580504,0.3046002190580504,compas,S3,TabDDPM,RandomForest,101
0.6497890295358649,0.7422873556185052,0.7193151772324027,0.6197183098591549,0.6829268292682927,0.6856060606060606,0.25992481343632523,1.9598977759359029,0.23818912011683097,0.23818912011683097,compas,S3,TabDDPM,CatBoost,101
0.6231721034870641,0.7310985771516397,0.6923205478841097,0.5573440643863179,0.7066326530612245,0.6827651515151515,0.26971402921428167,2.290336435218325,0.3171960569550931,0.3171960569550931,compas,S3,TabDDPM,LogisticRegression,13
0.6242905788876277,0.7353044924286327,0.70512739281365,0.5533199195171026,0.7161458333333334,0.6865530303030303,0.2255148035236688,1.9889763779527558,0.24766338079591094,0.24766338079591094,compas,S3,TabDDPM,RandomForest,13
0.6447368421052632,0.7377520939591033,0.7136141711100448,0.5915492957746479,0.708433734939759,0.6931818181818182,0.20718200011221877,1.7718904605950805,0.22323840817816715,0.22323840817816715,compas,S3,TabDDPM,CatBoost,13
0.6432374866879659,0.7235578047893803,0.7233981075882997,0.607645875251509,0.6832579185520362,0.6827651515151515,0.31685338620083414,2.3895341207349077,0.3471339905074845,0.3471339905074845,compas,S3,TabDDPM,LogisticRegression,555
0.631578947368421,0.72369098310795,0.7218064528183791,0.5915492957746479,0.6774193548387096,0.6751893939393939,0.2805543606336619,2.157974370850703,0.31396495071193864,0.31396495071193864,compas,S3,TabDDPM,RandomForest,555
0.6372443487621098,0.7288795384111466,0.7277652865737179,0.5955734406438632,0.6851851851851852,0.6808712121212122,0.2655544541492883,2.06474690663667,0.3109163928441037,0.3109163928441037,compas,S3,TabDDPM,CatBoost,555
0.6066252587991718,0.6956065552528048,0.6726490250649968,0.5895372233400402,0.6247334754797441,0.6401515151515151,0.36727327136364485,2.644915396213771,0.41075209930631623,0.41075209930631623,compas,S3,TabDDPM,LogisticRegression,777
0.6197478991596639,0.7086382336955543,0.6818064570080025,0.5935613682092555,0.6483516483516484,0.6571969696969697,0.30177492659023325,2.20997375328084,0.3441949616648412,0.3441949616648412,compas,S3,TabDDPM,RandomForest,777
0.6321243523316062,0.7112316114936488,0.6832662104764631,0.613682092555332,0.6517094017094017,0.6638257575757576,0.2590457665475901,1.9013079976573175,0.247298284045272,0.247298284045272,compas,S3,TabDDPM,CatBoost,777
0.6268656716417911,0.7091223548806254,0.6853888623561869,0.5915492957746479,0.6666666666666666,0.6685606060606061,0.41403108459423565,3.455029388932017,0.44098211025921863,0.44098211025921863,compas,S4,GaussianCopula,LogisticRegression,42
0.6265560165975104,0.7207880557045313,0.6936367338823858,0.607645875251509,0.6466809421841542,0.6590909090909091,0.29302186395346663,2.1014482564679415,0.27455275648046734,0.27455275648046734,compas,S4,GaussianCopula,RandomForest,42
0.6427104722792608,0.7200735720224747,0.6965372462932501,0.6297786720321932,0.6561844863731656,0.6704545454545454,0.3403706959432921,2.377846759539673,0.31675794085432646,0.31675794085432646,compas,S4,GaussianCopula,CatBoost,42
0.6360792492179353,0.723554205375365,0.7007022171604791,0.613682092555332,0.6601731601731602,0.6695075757575758,0.41945125030392577,3.263961235614779,0.44689667761956925,0.44689667761956925,compas,S4,GaussianCopula,LogisticRegression,123
0.648870636550308,0.729763194551927,0.7039098775526288,0.635814889336016,0.6624737945492662,0.6761363636363636,0.3087698954495296,2.1606439820022496,0.28950346841913105,0.28950346841913105,compas,S4,GaussianCopula,RandomForest,123
0.6530612244897959,0.7320452230376895,0.7071007068932663,0.6438631790744467,0.6625258799171843,0.678030303030303,0.3656199150878111,2.539259842519685,0.36506024096385536,0.36506024096385536,compas,S4,GaussianCopula,CatBoost,123
0.6280623608017817,0.7192295094358638,0.7124100085012208,0.5674044265593562,0.7032418952618454,0.6837121212121212,0.3589391587334244,3.1900490699532127,0.49556407447973716,0.49556407447973716,compas,S4,GaussianCopula,LogisticRegression,999
0.6526757607555089,0.7275567537604879,0.7042935810903501,0.6257545271629779,0.6820175438596491,0.6865530303030303,0.3152000299250004,2.30097267253358,0.4377510040160643,0.4377510040160643,compas,S4,GaussianCopula,RandomForest,999
0.6481876332622601,0.7288903366531929,0.7016000793040216,0.6116700201207244,0.6893424036281179,0.6875,0.3152785830512279,2.3826279527559056,0.4348119751734209,0.4348119751734209,compas,S4,GaussianCopula,CatBoost,999
0.613882863340564,0.711075036983979,0.6804718439312876,0.5694164989939637,0.6658823529411765,0.6628787878787878,0.4204350346942974,3.8095738032745903,0.47135815991237684,0.47135815991237684,compas,S4,GaussianCopula,LogisticRegression,2024
0.6441025641025641,0.7203687239717373,0.6855377247191002,0.6317907444668008,0.6569037656903766,0.6714015151515151,0.3221949987842969,2.2444412338365964,0.3379152975538518,0.3379152975538518,compas,S4,GaussianCopula,RandomForest,2024
0.6448311156601843,0.7189397566076243,0.6828955909705441,0.6338028169014085,0.65625,0.6714015151515151,0.3055941047749079,2.128553667633651,0.3227820372398686,0.3227820372398686,compas,S4,GaussianCopula,CatBoost,2024
0.6036519871106337,0.7033830892330729,0.6761245181688584,0.5653923541247485,0.6474654377880185,0.6505681818181818,0.39905736248527124,3.3333770778652667,0.42904344651332604,0.42904344651332604,compas,S4,GaussianCopula,LogisticRegression,7
0.6415478615071283,0.7227479366359157,0.6881894376619381,0.6338028169014085,0.6494845360824743,0.6666666666666666,0.2621168197205753,1.8689069378138756,0.2683461117196057,0.2683461117196057,compas,S4,GaussianCopula,RandomForest,7
0.6490872210953347,0.7231024789164324,0.6897720257569655,0.6438631790744467,0.65439672801636,0.6723484848484849,0.2763162324424412,1.9306330708661419,0.274333698430084,0.274333698430084,compas,S4,GaussianCopula,CatBoost,7
0.6264550264550265,0.717129251357879,0.6923004956486272,0.5955734406438632,0.6607142857142857,0.665719696969697,0.42900480670320007,3.5801574803149605,0.519587440671778,0.519587440671778,compas,S4,GaussianCopula,LogisticRegression,88
0.6362672322375398,0.7303103054822675,0.7015915344622711,0.6036217303822937,0.672645739910314,0.6751893939393939,0.3152523986758188,2.35429856982163,0.37740051113545087,0.37740051113545087,compas,S4,GaussianCopula,RandomForest,88
0.6375,0.727932892525097,0.7037030971730185,0.6156941649899397,0.6609071274298056,0.6704545454545454,0.30252305160192267,2.1792796733741615,0.3591821832785689,0.3591821832785689,compas,S4,GaussianCopula,CatBoost,88
0.5576470588235294,0.7166271331027309,0.6840570845844334,0.4768611670020121,0.6713881019830028,0.6439393939393939,0.36235060878672826,4.113257271412502,0.3872398685651698,0.3872398685651698,compas,S4,GaussianCopula,LogisticRegression,101
0.6360725720384205,0.7398613505721268,0.6995123295357984,0.5995975855130785,0.6772727272727272,0.6770833333333334,0.31370377990162157,2.3757217847769025,0.3078678349762687,0.3078678349762687,compas,S4,GaussianCopula,RandomForest,101
0.6505771248688352,0.7422225661662281,0.705346672296344,0.6237424547283702,0.6798245614035088,0.6846590909090909,0.2796491293695177,2.060651202383486,0.2623585250091274,0.2623585250091274,compas,S4,GaussianCopula,CatBoost,101
0.6307692307692307,0.7247078175673001,0.7023976214368827,0.5774647887323944,0.6949152542372882,0.6818181818181818,0.3620363962818187,3.087908531981448,0.4198977729098211,0.4198977729098211,compas,S4,GaussianCopula,LogisticRegression,13
0.6455696202531646,0.7322359919805055,0.7204159205940083,0.6156941649899397,0.6784922394678492,0.6818181818181818,0.25992481343632523,1.9598977759359029,0.27752829499817455,0.27752829499817455,compas,S4,GaussianCopula,RandomForest,13
0.6430868167202572,0.731557502438603,0.7073376174070052,0.6036217303822937,0.6880733944954128,0.6846590909090909,0.23630276619223067,1.872661969885343,0.2322380430814166,0.2322380430814166,compas,S4,GaussianCopula,CatBoost,13
0.648870636550308,0.7243694726498526,0.7251440069418164,0.635814889336016,0.6624737945492662,0.6761363636363636,0.3956720968073765,2.8508661417322836,0.38930266520627965,0.38930266520627965,compas,S4,GaussianCopula,LogisticRegression,555
0.6446961894953656,0.7239195458979277,0.7269667419533743,0.6297786720321932,0.6603375527426161,0.6732954545454546,0.31589578618587166,2.220111247561945,0.35304855786783496,0.35304855786783496,compas,S4,GaussianCopula,RandomForest,555
0.6446961894953656,0.7257804429438887,0.7265814510816835,0.6297786720321932,0.6603375527426161,0.6732954545454546,0.30799558606243105,2.168163439029581,0.3349032493610807,0.3349032493610807,compas,S4,GaussianCopula,CatBoost,555
0.6173361522198731,0.6986138656626701,0.6763012487714609,0.5875251509054326,0.6503340757238307,0.6571969696969697,0.4068790094824845,3.2538955656858684,0.4440306681270537,0.4440306681270537,compas,S4,GaussianCopula,LogisticRegression,777
0.6414708886618999,0.707970542395698,0.673480909179733,0.6317907444668008,0.6514522821576764,0.6676136363636364,0.2692427104569174,1.9141224282448566,0.292552026286966,0.292552026286966,compas,S4,GaussianCopula,RandomForest,777
0.6585365853658537,0.7123978216346379,0.6775750466772337,0.6519114688128773,0.6652977412731006,0.6818181818181818,0.2968672265135504,2.050261364388275,0.3135998539612997,0.3135998539612997,compas,S4,GaussianCopula,CatBoost,777
0.6085106382978723,0.6850134798054877,0.662970739977618,0.5754527162977867,0.6455981941309256,0.6515151515151515,0.338178689659042,2.5645409708401834,0.3715224534501643,0.3715224534501643,compas,S4,CTGAN,LogisticRegression,42
0.6248693834900731,0.7100636016456521,0.681084271203829,0.6016096579476862,0.65,0.6600378787878788,0.2701479417210616,1.9889763779527558,0.2745892661555312,0.2745892661555312,compas,S4,CTGAN,RandomForest,42
0.6272439281942978,0.7113107986019876,0.682271876062245,0.5975855130784709,0.66,0.665719696969697,0.27020031047187987,2.024813790168121,0.27763782402336623,0.27763782402336623,compas,S4,CTGAN,CatBoost,42
0.5580304806565064,0.6991177836248259,0.6735811353957354,0.4788732394366197,0.6685393258426966,0.6429924242424242,0.14981951484092992,1.606480920654149,0.17250821467688937,0.17250821467688937,compas,S4,CTGAN,LogisticRegression,123
0.6011299435028249,0.7211785921252021,0.6883414862043441,0.5352112676056338,0.6855670103092784,0.665719696969697,0.24761441636897524,2.1331051009928106,0.24777290982110262,0.24777290982110262,compas,S4,CTGAN,RandomForest,123
0.6195286195286195,0.728818348372885,0.6975197383093171,0.5553319919517102,0.700507614213198,0.6789772727272727,0.2175622346494099,1.8979774587000153,0.2234574662285505,0.2234574662285505,compas,S4,CTGAN,CatBoost,123
0.6331550802139038,0.7117175323857277,0.6994353190761105,0.5955734406438632,0.6757990867579908,0.6751893939393939,0.310554173602409,2.3619094488188974,0.4197882438846295,0.4197882438846295,compas,S4,CTGAN,LogisticRegression,999
0.6232657417289221,0.7248373964718545,0.7067379691760716,0.5875251509054326,0.6636363636363637,0.665719696969697,0.3018534797164606,2.2836395450568676,0.4077400511135451,0.4077400511135451,compas,S4,CTGAN,RandomForest,999
0.6220806794055201,0.7261241869823593,0.7067604247777055,0.5895372233400402,0.6584269662921348,0.6628787878787878,0.2978771952793311,2.229473521692141,0.41075209930631623,0.41075209930631623,compas,S4,CTGAN,CatBoost,999
0.6158730158730159,0.6960744790748067,0.6674802116282359,0.5855130784708249,0.6495535714285714,0.65625,0.25125030392578596,1.9197945908935294,0.2595655348667397,0.2595655348667397,compas,S4,CTGAN,LogisticRegression,2024
0.6319082377476538,0.7129827264121401,0.6788492511796,0.6096579476861167,0.6558441558441559,0.665719696969697,0.26144724783511325,1.93279060456426,0.27756480467323835,0.27756480467323835,compas,S4,CTGAN,RandomForest,2024
0.6281512605042017,0.7145718676999384,0.6792592168855376,0.6016096579476862,0.6571428571428571,0.6647727272727273,0.2504236257878692,1.893460563192313,0.2655166119021541,0.2655166119021541,compas,S4,CTGAN,CatBoost,2024
0.6262425447316103,0.6999636459184444,0.6742779081531353,0.6338028169014085,0.618860510805501,0.6439393939393939,0.36311369629865153,2.3772150102858767,0.3772179627601314,0.3772179627601314,compas,S4,CTGAN,LogisticRegression,7
0.6388059701492538,0.7084456650457305,0.6727603679203538,0.6458752515090543,0.6318897637795275,0.65625,0.2943871920997999,1.9682578740157481,0.2954910551296094,0.2954910551296094,compas,S4,CTGAN,RandomForest,7
0.6288032454361054,0.7081487133894602,0.6740261646344896,0.6237424547283702,0.6339468302658486,0.6534090909090909,0.2526156320721193,1.8118410771172688,0.2442132165023731,0.2442132165023731,compas,S4,CTGAN,CatBoost,7
0.6346555323590815,0.7095326880783808,0.672111372028628,0.6116700201207244,0.6594360086767896,0.6685606060606061,0.37442534647539605,2.77115809961957,0.4348119751734209,0.4348119751734209,compas,S4,CTGAN,LogisticRegression,88
0.6284501061571125,0.7266191064094766,0.6821641039054515,0.5955734406438632,0.6651685393258427,0.6685606060606061,0.32947799577309367,2.4756408108560897,0.39257028112449804,0.39257028112449804,compas,S4,CTGAN,RandomForest,88
0.6387434554973822,0.7297038042206729,0.6939755014735075,0.613682092555332,0.665938864628821,0.6732954545454546,0.2867488357304506,2.097465998568361,0.34709748083242054,0.34709748083242054,compas,S4,CTGAN,CatBoost,88
0.6205405405405405,0.7270816311104552,0.7026481415308725,0.5774647887323944,0.6705607476635514,0.6676136363636364,0.2869059419829053,2.2325245058653382,0.292880613362541,0.292880613362541,compas,S4,CTGAN,LogisticRegression,101
0.6274944567627494,0.741349708267494,0.7062973837018016,0.5694164989939637,0.6987654320987654,0.6818181818181818,0.26253576972712145,2.163447990053875,0.2626871120847024,0.2626871120847024,compas,S4,CTGAN,RandomForest,101
0.6377440347071583,0.7386609459979916,0.7083292435662049,0.5915492957746479,0.691764705882353,0.6837121212121212,0.2584809321637646,2.046350696547547,0.24138371668492153,0.24138371668492153,compas,S4,CTGAN,CatBoost,101
0.5751173708920188,0.7068655222929707,0.679257756234224,0.49295774647887325,0.6901408450704225,0.6571969696969697,0.17589541212336585,1.763422355710691,0.193592552026287,0.193592552026287,compas,S4,CTGAN,LogisticRegression,13
0.5977272727272728,0.7208312486727161,0.6903740582428894,0.5291750503018109,0.6866840731070496,0.6647727272727273,0.18048889969513904,1.7101479137537714,0.21151880248265792,0.21151880248265792,compas,S4,CTGAN,RandomForest,13
0.6027397260273972,0.7218138886989198,0.6836955758225626,0.5311871227364185,0.6965699208443272,0.6704545454545454,0.14653898666467163,1.541165906893217,0.16009492515516616,0.16009492515516616,compas,S4,CTGAN,CatBoost,13
0.6292352371732817,0.6983871025797,0.6983953714435952,0.6539235412474849,0.6063432835820896,0.6373106060606061,0.46093478220210593,3.000551992856563,0.43455640744797375,0.43455640744797375,compas,S4,CTGAN,LogisticRegression,555
0.6421663442940039,0.7127865583483008,0.698965416700493,0.6680080482897385,0.6182495344506518,0.6496212121212122,0.3558568836852638,2.208191516383033,0.3649142022635999,0.3649142022635999,compas,S4,CTGAN,RandomForest,555
0.6507462686567164,0.722411391425476,0.7215489969264675,0.6579476861167002,0.6437007874015748,0.6676136363636364,0.3615388931490452,2.3712421082499824,0.3679992698064988,0.3679992698064988,compas,S4,CTGAN,CatBoost,555
0.6093117408906883,0.6761967151747696,0.6542336815815798,0.6056338028169014,0.6130346232179226,0.634469696969697,0.3308171395440178,2.2435179977502813,0.37133990507484477,0.37133990507484477,compas,S4,CTGAN,LogisticRegression,777
0.656686626746507,0.701360218556419,0.6592473884312761,0.6619718309859155,0.6514851485148515,0.6742424242424242,0.28176258252754033,1.9124772864930346,0.30144213216502375,0.30144213216502375,compas,S4,CTGAN,RandomForest,777
0.6458752515090543,0.7062374245472837,0.6723739044692515,0.6458752515090543,0.6458752515090543,0.6666666666666666,0.29286475770101184,1.9943230886461774,0.3227090178897408,0.3227090178897408,compas,S4,CTGAN,CatBoost,777
0.6155484558040468,0.7120396799401059,0.6870790971721338,0.5814889336016097,0.6538461538461539,0.6581439393939394,0.21020068453438567,1.7194673836502143,0.19003285870755754,0.19003285870755754,compas,S4,TVAE,LogisticRegression,42
0.6265822784810127,0.7193770854104953,0.6887018627890227,0.5975855130784709,0.6585365853658537,0.6647727272727273,0.26782501355976585,2.0067350956130485,0.27763782402336623,0.27763782402336623,compas,S4,TVAE,RandomForest,42
0.6314655172413793,0.7222188227756521,0.702221081063048,0.5895372233400402,0.679814385150812,0.6761363636363636,0.2679297510614023,2.0846002422774075,0.2383716684921504,0.2383716684921504,compas,S4,TVAE,CatBoost,42
0.6401630988786952,0.7295616273670646,0.7072230755220217,0.6317907444668008,0.6487603305785123,0.665719696969697,0.26449211663268934,1.8837395325584303,0.2834793720335889,0.2834793720335889,compas,S4,TVAE,LogisticRegression,123
0.6421267893660532,0.7357400215244958,0.7051088672512265,0.6317907444668008,0.6528066528066528,0.6685606060606061,0.2874184076159126,2.0168331899689007,0.292552026286966,0.292552026286966,compas,S4,TVAE,RandomForest,123
0.6406743940990516,0.7376909039208417,0.7140551391981822,0.6116700201207244,0.672566371681416,0.6770833333333334,0.2693998167093722,2.0126546681664794,0.2715041986126323,0.2715041986126323,compas,S4,TVAE,CatBoost,123
0.6387995712754555,0.7324861512545757,0.7137586391808028,0.5995975855130785,0.6834862385321101,0.6808712121212122,0.2284025660687901,1.8289437958186263,0.3623037604965315,0.3623037604965315,compas,S4,TVAE,LogisticRegression,999
0.6468716861081655,0.7439178901674808,0.7358261143721723,0.613682092555332,0.6838565022421524,0.6846590909090909,0.3152523986758188,2.35429856982163,0.42875136911281486,0.42875136911281486,compas,S4,TVAE,RandomForest,999
0.6439232409381663,0.748714109342999,0.7383990065839303,0.607645875251509,0.6848072562358276,0.6837121212121212,0.27972768249574503,2.1215748031496062,0.4197152245345016,0.4197152245345016,compas,S4,TVAE,CatBoost,999
0.6109324758842444,0.7093689147406803,0.6742623979890396,0.5734406438631791,0.6536697247706422,0.65625,0.177051265266426,1.5778184703656228,0.1598393574297189,0.1598393574297189,compas,S4,TVAE,LogisticRegression,2024
0.6184909670563231,0.7106934990983468,0.6802349957086389,0.5855130784708249,0.6554054054054054,0.6600378787878788,0.24890119138908107,1.9191877331123082,0.25049288061336256,0.25049288061336256,compas,S4,TVAE,RandomForest,2024
0.6254002134471718,0.7118975030864976,0.684408878932023,0.5895372233400402,0.6659090909090909,0.6676136363636364,0.24655207885237618,1.9185701344854016,0.274662285505659,0.274662285505659,compas,S4,TVAE,CatBoost,2024
0.6288032454361054,0.7220244544188206,0.6983405951393296,0.6237424547283702,0.6339468302658486,0.6534090909090909,0.24866553201039893,1.793092340730136,0.2442132165023731,0.2442132165023731,compas,S4,TVAE,LogisticRegression,7
0.6480558325024925,0.7260162045618974,0.7002218236770027,0.6539235412474849,0.642292490118577,0.665719696969697,0.2714870854919857,1.859368894677639,0.28939393939393937,0.28939393939393937,compas,S4,TVAE,RandomForest,7
0.6428571428571429,0.7267576838490692,0.7032366059209147,0.6338028169014085,0.6521739130434783,0.6685606060606061,0.24316681317448147,1.781475025545471,0.25020080321285143,0.25020080321285143,compas,S4,TVAE,CatBoost,7
0.6626016260162602,0.7300529473801665,0.6993404958815911,0.6559356136820925,0.6694045174537988,0.6856060606060606,0.304767426636991,2.0966417659331045,0.3559145673603505,0.3559145673603505,compas,S4,TVAE,LogisticRegression,88
0.6406743940990516,0.7370232126209855,0.705996394807181,0.6116700201207244,0.672566371681416,0.6770833333333334,0.28520021695625336,2.111752697579469,0.3440854326396495,0.3440854326396495,compas,S4,TVAE,RandomForest,88
0.6387434554973822,0.7372589742389939,0.7142481436993668,0.613682092555332,0.665938864628821,0.6732954545454546,0.25909813529840836,1.9323103842788882,0.3198795180722891,0.3198795180722891,compas,S4,TVAE,CatBoost,88
0.6740890688259109,0.7461261306659276,0.716535553479825,0.670020120724346,0.6782077393075356,0.6950757575757576,0.2518151383096115,1.8031376759723214,0.23183643665571374,0.23183643665571374,compas,S4,TVAE,LogisticRegression,101
0.6639260020554985,0.7435363522818486,0.7159262855187902,0.6498993963782697,0.6785714285714286,0.6903409090909091,0.30719509229992337,2.154724409448819,0.3196604600219058,0.3196604600219058,compas,S4,TVAE,RandomForest,101
0.6666666666666666,0.7450049132001311,0.7299905811985047,0.6539235412474849,0.6799163179916318,0.6922348484848485,0.29454429835225465,2.068992669019821,0.2803212851405622,0.2803212851405622,compas,S4,TVAE,CatBoost,101
0.644559585492228,0.7327111146305381,0.6995762851861518,0.6257545271629779,0.6645299145299145,0.6751893939393939,0.2432453663007088,1.8192503937007873,0.2653705732018985,0.2653705732018985,compas,S4,TVAE,LogisticRegression,13
0.6625258799171843,0.7323835679551369,0.7233928550813722,0.6438631790744467,0.6823027718550106,0.6912878787878788,0.2566704696354761,1.8857235058732411,0.2652610441767068,0.2652610441767068,compas,S4,TVAE,RandomForest,13
0.6485355648535565,0.7275567537604877,0.7071662246650621,0.6237424547283702,0.6753812636165577,0.6818181818181818,0.2527727383245741,1.894263217097863,0.27143117926250454,0.27143117926250454,compas,S4,TVAE,CatBoost,13
0.6396677050882659,0.7254834912876184,0.7186306216842648,0.6197183098591549,0.6609442060085837,0.6714015151515151,0.25194606018665716,1.8694204208080545,0.2835523913837167,0.2835523913837167,compas,S4,TVAE,LogisticRegression,555
0.646878198567042,0.725706654956573,0.725943545062385,0.635814889336016,0.6583333333333333,0.6732954545454546,0.31744440496006887,2.204000851244946,0.33486673968601677,0.33486673968601677,compas,S4,TVAE,RandomForest,555
0.6468172484599589,0.7299611623227737,0.7225073219217237,0.6338028169014085,0.660377358490566,0.6742424242424242,0.24951839452372493,1.8271436542873085,0.25020080321285143,0.25020080321285143,compas,S4,TVAE,CatBoost,555
0.6393762183235867,0.6971327067953337,0.6700492253697162,0.6599597585513078,0.6200378071833649,0.6496212121212122,0.2563562571305665,1.7392190702189623,0.2802847754654984,0.2802847754654984,compas,S4,TVAE,LogisticRegression,777
0.6396761133603239,0.7093743138617034,0.6761721023848171,0.635814889336016,0.6435845213849287,0.6628787878787878,0.2755157386799334,1.920572428446444,0.29857612267250827,0.29857612267250827,compas,S4,TVAE,RandomForest,777
0.6481113320079522,0.7134956429093343,0.683310827680194,0.6559356136820925,0.6404715127701375,0.6647727272727273,0.25646099463220307,1.7823918749286776,0.2833333333333333,0.2833333333333333,compas,S4,TVAE,CatBoost,777
0.5984427141268076,0.7118003189080818,0.6850573571536588,0.5412474849094567,0.6691542288557214,0.6581439393939394,0.2538612602165822,2.1132874015748033,0.2749543629061701,0.2749543629061701,compas,S4,TabDDPM,LogisticRegression,42
0.6137105549510338,0.7185582187219921,0.6824367728311106,0.5674044265593562,0.6682464454976303,0.6638257575757576,0.24190622252978472,1.9517992493928913,0.23245710113179996,0.23245710113179996,compas,S4,TabDDPM,RandomForest,42
0.6195652173913043,0.7184898298556994,0.690400386684603,0.5734406438631791,0.6737588652482269,0.6685606060606061,0.23558082555595045,1.909903922560139,0.21427528294998177,0.21427528294998177,compas,S4,TabDDPM,CatBoost,42
0.6236786469344608,0.7268728650975622,0.7045838910281582,0.5935613682092555,0.6570155902004454,0.6628787878787878,0.2923261076925954,2.1720884889388827,0.32604965315808687,0.32604965315808687,compas,S4,TabDDPM,LogisticRegression,123
0.6341463414634146,0.7357292232824495,0.7057391379579202,0.6016096579476862,0.6704035874439462,0.6732954545454546,0.2876016982437765,2.153145856767904,0.28366192040890836,0.28366192040890836,compas,S4,TabDDPM,RandomForest,123
0.6399155227032735,0.7367154627226689,0.7123184250022097,0.6096579476861167,0.6733333333333333,0.6770833333333334,0.2781005105953205,2.074131329914036,0.27756480467323835,0.27756480467323835,compas,S4,TabDDPM,CatBoost,123
0.6436285097192225,0.73094200264197,0.7186139628577382,0.5995975855130785,0.6946386946386947,0.6875,0.28848074513251165,2.239289731640688,0.40766703176341734,0.40766703176341734,compas,S4,TabDDPM,LogisticRegression,999
0.6524973432518597,0.7355276560975873,0.7203026063036326,0.6177062374245473,0.6914414414414415,0.6903409090909091,0.3002524921914451,2.25154751695642,0.4166301569916027,0.4166301569916027,compas,S4,TabDDPM,RandomForest,999
0.6413043478260869,0.7385727603546142,0.7160661325097735,0.5935613682092555,0.6973995271867612,0.6875,0.2908822264200348,2.2890675507666804,0.41677619569185836,0.41677619569185836,compas,S4,TabDDPM,CatBoost,999
0.6236323851203501,0.7186751996774926,0.6852751924724397,0.5734406438631791,0.6834532374100719,0.6742424242424242,0.22613200665831262,1.8734089431481618,0.22334793720335883,0.22334793720335883,compas,S4,TabDDPM,LogisticRegression,2024
0.6019629225736096,0.7170266680584402,0.6832490770756554,0.5553319919517102,0.6571428571428571,0.6543560606060606,0.2348065161688518,1.9153105861767277,0.2416027747353049,0.2416027747353049,compas,S4,TabDDPM,RandomForest,2024
0.6334745762711864,0.7213927572591183,0.6913907881457663,0.6016096579476862,0.668903803131991,0.6723484848484849,0.2536256008379,1.93663489432242,0.2745892661555312,0.2745892661555312,compas,S4,TabDDPM,CatBoost,2024
0.6307053941908713,0.7237827681653427,0.6993817415341095,0.6116700201207244,0.6509635974304069,0.6628787878787878,0.3088222642003478,2.203834937299504,0.3168674698795181,0.3168674698795181,compas,S4,TabDDPM,LogisticRegression,7
0.6507462686567164,0.7255878742940649,0.6908658335539223,0.6579476861167002,0.6437007874015748,0.6676136363636364,0.28648699197635924,1.9277771047849788,0.28634538152610445,0.28634538152610445,compas,S4,TabDDPM,RandomForest,7
0.6439317953861585,0.7238457579106121,0.6926455570877348,0.6458752515090543,0.642,0.6638257575757576,0.26203826659434787,1.8294594754603042,0.2592004381161008,0.2592004381161008,compas,S4,TabDDPM,CatBoost,7
0.6297872340425532,0.7281488573660209,0.6975907780284435,0.5955734406438632,0.6681715575620768,0.6704545454545454,0.338178689659042,2.5645409708401834,0.42886089813800654,0.42886089813800654,compas,S4,TabDDPM,LogisticRegression,88
0.6320346320346321,0.738203820418036,0.7076837561619218,0.5875251509054326,0.6838407494145199,0.678030303030303,0.2932313389567397,2.2859416010498688,0.3533041255932822,0.3533041255932822,compas,S4,TabDDPM,RandomForest,88
0.6245989304812835,0.7320974145409127,0.7060706311356975,0.5875251509054326,0.6666666666666666,0.6676136363636364,0.23945237249144335,1.8842934106920846,0.3079408543263965,0.3079408543263965,compas,S4,TabDDPM,CatBoost,88
0.6489925768822906,0.7383549958066826,0.7184671676927864,0.6156941649899397,0.6860986547085202,0.6865530303030303,0.34290309910786093,2.5863978541143897,0.3591821832785689,0.3591821832785689,compas,S4,TabDDPM,LogisticRegression,101
0.6365546218487395,0.739465415030433,0.7113427577045379,0.6096579476861167,0.6659340659340659,0.6723484848484849,0.3136252267753942,2.294472749729813,0.3047827674333698,0.3047827674333698,compas,S4,TabDDPM,RandomForest,101
0.6496815286624203,0.7413191132483632,0.7137499173187964,0.6156941649899397,0.6876404494382022,0.6875,0.29392709521761085,2.2013913309380015,0.2866009492515516,0.2866009492515516,compas,S4,TabDDPM,CatBoost,101
0.6316939890710382,0.730803425202377,0.701663141371007,0.5814889336016097,0.6913875598086124,0.6808712121212122,0.27905811061028296,2.223786089238845,0.31705001825483753,0.31705001825483753,compas,S4,TabDDPM,LogisticRegression,13
0.6381578947368421,0.7350633316896009,0.7203920301288064,0.5855130784708249,0.7012048192771084,0.6875,0.2308826004825406,1.9084259327397157,0.2595655348667397,0.2595655348667397,compas,S4,TabDDPM,RandomForest,13
0.6379690949227373,0.7315305068334874,0.7110964975807148,0.5814889336016097,0.706601466992665,0.6893939393939394,0.20563338133802161,1.7799248066964604,0.22632347572106604,0.22632347572106604,compas,S4,TabDDPM,CatBoost,13
0.6444212721584984,0.7277259262192115,0.7267593217503978,0.6217303822937625,0.6688311688311688,0.6770833333333334,0.3246488488226382,2.3399722093561834,0.35007301935012775,0.35007301935012775,compas,S4,TabDDPM,LogisticRegression,555
0.6378600823045267,0.726424738052645,0.7237736765228195,0.6237424547283702,0.6526315789473685,0.6666666666666666,0.28981988890343574,2.051846320934021,0.31679445052939026,0.31679445052939026,compas,S4,TabDDPM,RandomForest,555
0.6505771248688352,0.7324285606303294,0.729750638120735,0.6237424547283702,0.6798245614035088,0.6846590909090909,0.2677988291843567,1.9889763779527558,0.28050383351588176,0.28050383351588176,compas,S4,TabDDPM,CatBoost,555
0.6197757390417941,0.7008778970783557,0.6786534968440994,0.6116700201207244,0.628099173553719,0.646780303030303,0.3039931172498925,2.1032853651914203,0.3622307411464038,0.3622307411464038,compas,S4,TabDDPM,LogisticRegression,777
0.6382113821138211,0.7084042717845533,0.6681478593385121,0.6317907444668008,0.6447638603696099,0.6628787878787878,0.29291712645183005,2.0276509186351706,0.31976998904709747,0.31976998904709747,compas,S4,TabDDPM,RandomForest,777
0.6355329949238578,0.7088344017593936,0.6737572410031553,0.6297786720321932,0.6413934426229508,0.6600378787878788,0.2470907288607927,1.7880696731090433,0.2623220153340636,0.2623220153340636,compas,S4,TabDDPM,CatBoost,777
0.5686977299880526,0.7060106614643135,0.6810034928792893,0.4788732394366197,0.7,0.6581439393939394,0.04167056315110257,1.1403464566929133,0.018273092369477884,0.018273092369477884,compas,S5,GaussianCopula,LogisticRegression,42
0.605586592178771,0.7184934292697149,0.6814124116589135,0.545271629778672,0.6809045226130653,0.665719696969697,0.16856004638375077,1.6117567200651646,0.1267433369843008,0.1308787128712871,compas,S5,GaussianCopula,RandomForest,42
0.6236323851203501,0.7192187111938176,0.6871494328875664,0.5734406438631791,0.6834532374100719,0.6742424242424242,0.15503020554734698,1.5139190278380557,0.11447608616283322,0.11447608616283322,compas,S5,GaussianCopula,CatBoost,42
0.5841121495327103,0.7279850840283202,0.7001638643472611,0.5030181086519114,0.6963788300835655,0.6628787878787878,0.0873922232405035,1.3040671568946445,0.07256297918948523,0.07256297918948523,compas,S5,GaussianCopula,LogisticRegression,123
0.5979381443298969,0.7318166602477117,0.7037333055171745,0.5251509054325956,0.6941489361702128,0.6676136363636364,0.1773654777713356,1.7111511061117362,0.16013143483023,0.16013143483023,compas,S5,GaussianCopula,RandomForest,123
0.6059907834101382,0.7328388938280849,0.7060861349980841,0.5291750503018109,0.7088948787061995,0.6761363636363636,0.13394056146782124,1.4946401436662522,0.11171960569550937,0.11171960569550937,compas,S5,GaussianCopula,CatBoost,123
0.6371308016877637,0.7243172811466294,0.7058830468347398,0.607645875251509,0.6696230598669624,0.6742424242424242,0.0742701105354705,1.1942094194747397,0.20197152245345013,0.20197152245345013,compas,S5,GaussianCopula,LogisticRegression,999
0.6383881230116649,0.7339277165677427,0.7175230712245864,0.6056338028169014,0.6748878923766816,0.6770833333333334,0.17699889651560774,1.5602747025042922,0.2715407082876962,0.2715407082876962,compas,S5,GaussianCopula,RandomForest,999
0.651356993736952,0.7346583976128687,0.7048585408049346,0.6277665995975855,0.6767895878524945,0.6837121212121212,0.11371874240185537,1.3088747777495555,0.17765607886089818,0.17765607886089818,compas,S5,GaussianCopula,CatBoost,999
0.6099585062240664,0.7035954546599813,0.6711058778240626,0.5915492957746479,0.6295503211991434,0.6439393939393939,0.03626535994164626,1.0862582855109213,0.03271266885724722,0.03271266885724722,compas,S5,GaussianCopula,LogisticRegression,2024
0.6354166666666666,0.7156192971784194,0.6829267548279805,0.613682092555332,0.6587473002159827,0.6685606060606061,0.1721697495651523,1.5140671245881498,0.15657174151150055,0.15657174151150055,compas,S5,GaussianCopula,RandomForest,2024
0.6392600205549845,0.7124428143098304,0.6851223749359727,0.6257545271629779,0.6533613445378151,0.6676136363636364,0.13734078964594987,1.3730353060706122,0.1383534136546185,0.1383534136546185,compas,S5,GaussianCopula,CatBoost,2024
0.5960264900662252,0.7157722722740738,0.6873541079718712,0.5432595573440644,0.6601466992665037,0.6534090909090909,0.06342977911609032,1.1816594354277146,0.07836801752464401,0.07836801752464401,compas,S5,GaussianCopula,LogisticRegression,7
0.6508264462809917,0.7285015999395299,0.699971285130836,0.6338028169014085,0.6687898089171974,0.6799242424242424,0.17686797463856208,1.5207092120477945,0.12318364366557133,0.14010932343234322,compas,S5,GaussianCopula,RandomForest,7
0.6336842105263157,0.7230196923940783,0.6841095377000921,0.6056338028169014,0.6644591611479028,0.6704545454545454,0.1327211176987675,1.3801060581713,0.12637824023366184,0.12637824023366184,compas,S5,GaussianCopula,CatBoost,7
0.5693950177935944,0.7250605601408091,0.6940566202768366,0.482897384305835,0.6936416184971098,0.65625,0.06296968223390126,1.2172970182005938,0.06966046002190579,0.06966046002190579,compas,S5,GaussianCopula,LogisticRegression,88
0.6152099886492622,0.7345882090395683,0.7015079578875596,0.545271629778672,0.7057291666666666,0.6789772727272727,0.1662633025978641,1.6306022557991062,0.1902519167579409,0.1902519167579409,compas,S5,GaussianCopula,RandomForest,88
0.5917686318131257,0.7293330645770869,0.6960895980840842,0.5352112676056338,0.6616915422885572,0.6524621212121212,0.1235079581798118,1.4030763596410911,0.14797371303395407,0.14797371303395407,compas,S5,GaussianCopula,CatBoost,88
0.5537294563843237,0.740381465897352,0.7172406579470143,0.44064386317907445,0.7448979591836735,0.665719696969697,0.0916827201825425,1.4106215446473447,0.08806133625410734,0.08806133625410734,compas,S5,GaussianCopula,LogisticRegression,101
0.6016073478760046,0.7489930639291923,0.7209456347919526,0.5271629778672032,0.7005347593582888,0.6714015151515151,0.21371687208932613,1.9471031910484873,0.19943410003650974,0.19943410003650974,compas,S5,GaussianCopula,RandomForest,101
0.6052934407364787,0.7438908945623652,0.7218553269741311,0.5291750503018109,0.706989247311828,0.6751893939393939,0.1394654646791479,1.519601421503728,0.09357429718875498,0.10029909240924093,compas,S5,GaussianCopula,CatBoost,101
0.5484633569739953,0.6924084759001234,0.6582467822100104,0.46680080482897385,0.664756446991404,0.6382575757575758,0.06769409168272017,1.2336001032657802,0.0818546914932457,0.0818546914932457,compas,S5,GaussianCopula,LogisticRegression,13
0.6187363834422658,0.7306432512786918,0.7088514958840442,0.5714285714285714,0.6745843230403801,0.6685606060606061,0.14157891783717058,1.4515509424958244,0.15682730923694777,0.15682730923694777,compas,S5,GaussianCopula,RandomForest,13
0.630901287553648,0.7298729766793965,0.7071092248648279,0.5915492957746479,0.6758620689655173,0.6742424242424242,0.13202536143789628,1.3970191226096738,0.14158451989777288,0.14158451989777288,compas,S5,GaussianCopula,CatBoost,13
0.5845070422535211,0.7193788851175028,0.7130043180294536,0.5010060362173038,0.7014084507042253,0.6647727272727273,0.017891409654553325,1.0549801712742113,0.06955093099671411,0.09697297854785478,compas,S5,GaussianCopula,LogisticRegression,555
0.6266968325791855,0.7331322460703398,0.727297964924535,0.5573440643863179,0.7157622739018088,0.6875,0.15913741186152203,1.5876916701201822,0.19017889740781313,0.19017889740781313,compas,S5,GaussianCopula,RandomForest,555
0.6401766004415012,0.7353224894987096,0.7309316166430636,0.5835010060362174,0.7090464547677262,0.6912878787878788,0.1345315802270559,1.4390526765549654,0.14768163563344283,0.14768163563344283,compas,S5,GaussianCopula,CatBoost,555
0.5906623235613464,0.6897107150955823,0.6666133691012524,0.5472837022132797,0.6415094339622641,0.6429924242424242,0.055451025866422254,1.1506121412242825,0.08439211391018625,0.08439211391018625,compas,S5,GaussianCopula,LogisticRegression,777
0.6150583244962884,0.7078445629051591,0.6633392852863838,0.5835010060362174,0.6502242152466368,0.65625,0.1848990966390484,1.5942177075193846,0.20211756115370572,0.20211756115370572,compas,S5,GaussianCopula,RandomForest,777
0.6191489361702127,0.7107060970474006,0.6768589935318969,0.5855130784708249,0.6568848758465011,0.6609848484848485,0.09722258589410293,1.2692809780356404,0.09625775830595107,0.09625775830595107,compas,S5,GaussianCopula,CatBoost,777
0.49760765550239233,0.6716848497064678,0.6474823710193983,0.41851106639839036,0.6135693215339233,0.6022727272727273,-0.04285634129463034,0.8764210980476755,0.027710843373493943,0.14418316831683167,compas,S5,CTGAN,LogisticRegression,42
0.5866364665911665,0.7011604510785645,0.656830898406548,0.5211267605633803,0.6709844559585493,0.6543560606060606,0.11806160809471267,1.4008382016764036,0.08152610441767072,0.08152610441767072,compas,S5,CTGAN,RandomForest,42
0.5969162995594713,0.6974548543497119,0.6546989831981918,0.545271629778672,0.6593673965936739,0.6534090909090909,0.07447958553874356,1.2162476242193865,0.01787148594377508,0.05127114273927391,compas,S5,CTGAN,CatBoost,42
0.5730994152046783,0.6930365736458105,0.6781198769916517,0.49295774647887325,0.6843575418994413,0.6543560606060606,0.05421661959713464,1.1769395104681681,0.012139466958744072,0.019814872112211224,compas,S5,CTGAN,LogisticRegression,123
0.6026200873362445,0.7058036951584281,0.6718524598158883,0.5553319919517102,0.6587112171837709,0.6553030303030303,0.17003011203172053,1.5772796545593093,0.12365826944140196,0.14044451320132012,compas,S5,CTGAN,RandomForest,123
0.6002190580503833,0.71011219373486,0.6710833269303094,0.5513078470824949,0.6586538461538461,0.6543560606060606,0.058653000916453146,1.1635292277207072,0.017834976268711222,0.021838902640264002,compas,S5,CTGAN,CatBoost,123
0.6078431372549019,0.716153810159706,0.6915977171737392,0.5613682092555332,0.66270783847981,0.6590909090909091,-0.004574784446481017,0.9886036434794763,0.12362175976633816,0.1799453382838284,compas,S5,CTGAN,LogisticRegression,999
0.6157205240174672,0.7292934710229174,0.6972094643636525,0.5674044265593562,0.6730310262529833,0.6666666666666666,0.18978061234032206,1.6714087209687025,0.30503833515881706,0.30503833515881706,compas,S5,CTGAN,RandomForest,999
0.6373390557939914,0.7308610158266234,0.6883381298060047,0.5975855130784709,0.6827586206896552,0.6799242424242424,0.10437466100585407,1.298923348867106,0.1959839357429719,0.1959839357429719,compas,S5,CTGAN,CatBoost,999
0.5123762376237624,0.6766286448566173,0.650802482324571,0.4164989939637827,0.6655948553054662,0.6268939393939394,0.051302672676604266,1.1945804071788324,0.0700620664476086,0.0700620664476086,compas,S5,CTGAN,LogisticRegression,2024
0.6022471910112359,0.7006745301864856,0.6698211398513285,0.5392354124748491,0.6819338422391857,0.6647727272727273,0.16858623075915985,1.622585992540406,0.18121577217962764,0.18121577217962764,compas,S5,CTGAN,RandomForest,2024
0.6046511627906976,0.7034280819082653,0.672507729035638,0.5492957746478874,0.6724137931034483,0.6619318181818182,0.11795687059307614,1.3762109281794321,0.14184008762322015,0.14184008762322015,compas,S5,CTGAN,CatBoost,2024
0.64037558685446,0.6890322255536799,0.6646372241394092,0.6861167002012073,0.6003521126760564,0.6373106060606061,0.025466175397909074,1.0487329992841805,0.038189120116830955,0.050755466171617136,compas,S5,CTGAN,LogisticRegression,7
0.6450381679389313,0.6926766322442707,0.657245893428261,0.6800804828973843,0.6134301270417423,0.6477272727272727,0.176449024632016,1.4244859392575928,0.1561701350857977,0.1561701350857977,compas,S5,CTGAN,RandomForest,7
0.6301633045148896,0.6900220644079145,0.656599380923911,0.6599597585513078,0.6029411764705882,0.6354166666666666,0.0666729010417641,1.1403464566929133,0.08068638189120114,0.08068638189120114,compas,S5,CTGAN,CatBoost,7
0.5580304806565064,0.7035630599338427,0.6717917513841826,0.4788732394366197,0.6685393258426966,0.6429924242424242,-0.020034787813043575,0.9426214580320317,0.009200438116100773,0.1078150783828383,compas,S5,CTGAN,LogisticRegression,88
0.5730858468677494,0.715621096885427,0.6773488887996978,0.4969818913480885,0.6767123287671233,0.6515151515151515,0.12054164250846316,1.4412872304005477,0.16332603139832053,0.16332603139832053,compas,S5,CTGAN,RandomForest,88
0.5662100456621004,0.7129341343229322,0.6726782209880924,0.49899396378269617,0.6543535620052771,0.6401515151515151,0.05173658518338414,1.15783407508844,0.1028294998174516,0.1028294998174516,compas,S5,CTGAN,CatBoost,88
0.5947786606129398,0.7123078362842529,0.6882705155513167,0.5271629778672032,0.6822916666666666,0.6619318181818182,-0.023341500364710943,0.9381964046946962,-0.09996349032493618,0.09996349032493618,compas,S5,CTGAN,LogisticRegression,101
0.6274509803921569,0.7246340295799844,0.6812315926714011,0.579476861167002,0.684085510688836,0.6761363636363636,0.1257785175902893,1.3893584993052337,0.09629426798101504,0.09629426798101504,compas,S5,CTGAN,RandomForest,101
0.6402502606882169,0.7223160069540678,0.6815419491443955,0.6177062374245473,0.6645021645021645,0.6732954545454546,0.07184244487253821,1.1822028270562566,0.01743336984300836,0.03591687293729373,compas,S5,CTGAN,CatBoost,101
0.6228813559322034,0.7095146910083039,0.6772697177844368,0.5915492957746479,0.6577181208053692,0.6628787878787878,-0.11768380496380942,0.7618034524530588,-0.13966776195691855,0.17967460808580857,compas,S5,CTGAN,LogisticRegression,13
0.6362672322375398,0.7230340900501399,0.6901027955073866,0.6036217303822937,0.672645739910314,0.6751893939393939,0.13354779583668436,1.3904418197725286,0.16872946330777655,0.16872946330777655,compas,S5,CTGAN,RandomForest,13
0.6396677050882659,0.7114907693027575,0.6757654131286812,0.6197183098591549,0.6609442060085837,0.6714015151515151,0.03469055679203992,1.0825125672850215,0.029518072289156594,0.040661097359736,compas,S5,CTGAN,CatBoost,13
0.5517241379310345,0.6751186906771578,0.6711970657095017,0.49899396378269617,0.6169154228855721,0.6183712121212122,-0.06609684478276323,0.8427866008274388,-0.060478276743337,0.12592821782178218,compas,S5,CTGAN,LogisticRegression,555
0.5993485342019544,0.7022690705953071,0.6907808324619662,0.5553319919517102,0.6509433962264151,0.6505681818181818,0.16210372753287072,1.5331692913385826,0.17809419496166484,0.17809419496166484,compas,S5,CTGAN,RandomForest,555
0.5928338762214984,0.7007069249126242,0.6903336112268591,0.5492957746478874,0.6438679245283019,0.6448863636363636,0.06730132605158323,1.1864069622876088,0.08740416210295726,0.08740416210295726,compas,S5,CTGAN,CatBoost,555
0.4103299856527977,0.6580286729320467,0.6425001637318382,0.28772635814889336,0.715,0.6107954545454546,0.010802925168795718,1.0590653441047142,-0.0047645125958378776,0.020872009075907597,compas,S5,CTGAN,LogisticRegression,777
0.5425790754257908,0.6959071063230906,0.6578586379990334,0.448692152917505,0.6861538461538461,0.6439393939393939,0.13655151775861749,1.6051388313302943,0.11825483753194599,0.11825483753194599,compas,S5,CTGAN,RandomForest,777
0.5595375722543353,0.6997134866443743,0.6666407867500876,0.4869215291750503,0.657608695652174,0.6392045454545454,0.08181495127835864,1.2733658292713412,0.06661190215407081,0.06661190215407081,compas,S5,CTGAN,CatBoost,777
0.6118143459915611,0.6896801200764515,0.6621363956618118,0.5835010060362174,0.6430155210643016,0.6515151515151515,0.022918809733106393,1.0554529821703322,0.020664476086162842,0.04517326732673266,compas,S5,TVAE,LogisticRegression,42
0.6354378818737271,0.6996630948481588,0.6690727885029291,0.6277665995975855,0.643298969072165,0.6609848484848485,0.15546411805412685,1.4250025564986195,0.15043811610076674,0.15043811610076674,compas,S5,TVAE,RandomForest,42
0.6158730158730159,0.6963570330750154,0.679394739500134,0.5855130784708249,0.6495535714285714,0.65625,0.06954570108665159,1.1818555289284491,0.059967141292442516,0.059967141292442516,compas,S5,TVAE,CatBoost,42
0.6248715313463515,0.7204605090291301,0.6942149378464684,0.6116700201207244,0.6386554621848739,0.6543560606060606,0.05043858828810294,1.1199697495440188,0.06283315078495799,0.06283315078495799,compas,S5,TVAE,LogisticRegression,123
0.6530612244897959,0.7312749484383942,0.7064363963930894,0.6438631790744467,0.6625258799171843,0.678030303030303,0.1602147118783549,1.4437525901367594,0.15638919313618105,0.15638919313618105,compas,S5,TVAE,RandomForest,123
0.6448979591836734,0.7306900436608921,0.7039703024657027,0.635814889336016,0.6542443064182195,0.6704545454545454,0.08121271064394864,1.1987822743087349,0.09897772909821101,0.09897772909821101,compas,S5,TVAE,CatBoost,123
0.6251319957761352,0.7244594580002376,0.6930983389671563,0.5955734406438632,0.6577777777777778,0.6638257575757576,-0.022107094095423385,0.9496914237071716,0.08410003650967501,0.18358085808580857,compas,S5,TVAE,LogisticRegression,999
0.6434599156118144,0.735140719090932,0.7189251785886693,0.613682092555332,0.6762749445676275,0.6799242424242424,0.16117231189331738,1.488154987820767,0.2291529755385177,0.2291529755385177,compas,S5,TVAE,RandomForest,999
0.6321353065539113,0.7343560468355752,0.7135197341123487,0.6016096579476862,0.6659242761692651,0.6704545454545454,0.08297080442141885,1.2210804345659325,0.15664476086162837,0.15664476086162837,compas,S5,TVAE,CatBoost,999
0.6357214934409687,0.7015473880852198,0.6649572074742991,0.6338028169014085,0.6376518218623481,0.6581439393939394,-0.00021695625338996605,0.9995363523721971,-0.02197882438846288,0.05783312706270627,compas,S5,TVAE,LogisticRegression,2024
0.6358024691358025,0.7087462161160163,0.665876036042959,0.6217303822937625,0.6505263157894737,0.6647727272727273,0.15946658686666543,1.4505733763145379,0.14140197152245348,0.14140197152245348,compas,S5,TVAE,RandomForest,2024
0.6265822784810127,0.7035270657936887,0.6723052173246102,0.5975855130784709,0.6585365853658537,0.6647727272727273,0.09797071090579235,1.2661010922021845,0.09618473895582325,0.09618473895582325,compas,S5,TVAE,CatBoost,2024
0.6278118609406953,0.7165551448224229,0.6883930582253461,0.6177062374245473,0.6382536382536382,0.6553030303030303,0.05831260403613442,1.1386983406735174,0.03557867834976258,0.03557867834976258,compas,S5,TVAE,LogisticRegression,7
0.6551373346897253,0.7235830006874882,0.6880447850029645,0.647887323943662,0.6625514403292181,0.6789772727272727,0.1649391213271738,1.4568379610443434,0.12612267250821474,0.12612267250821474,compas,S5,TVAE,RandomForest,7
0.6399176954732511,0.7178905274221357,0.6878697655459418,0.6257545271629779,0.6547368421052632,0.6685606060606061,0.1002150859408607,1.257259458421356,0.08391748813435562,0.08391748813435562,compas,S5,TVAE,CatBoost,7
0.6264308012486993,0.7216087221000421,0.6862695342790295,0.6056338028169014,0.6487068965517241,0.6600378787878788,0.043391250677988324,1.10498687664042,0.06286966046002196,0.06286966046002196,compas,S5,TVAE,LogisticRegression,88
0.6489252814738997,0.7247060178602924,0.684702515213846,0.6378269617706237,0.6604166666666667,0.6751893939393939,0.155490302429536,1.4306672192291754,0.18364366557137646,0.18364366557137646,compas,S5,TVAE,RandomForest,88
0.6278586278586279,0.7120126843349902,0.6889840596321992,0.607645875251509,0.6494623655913978,0.6609848484848485,0.052866253951035225,1.129399377403406,0.09309967141292441,0.09309967141292441,compas,S5,TVAE,CatBoost,88
0.6526757607555089,0.7317734672795269,0.7057374391513054,0.6257545271629779,0.6820175438596491,0.6865530303030303,0.011042325172536338,1.025971055294066,-0.006809054399415815,0.061945647689768985,compas,S5,TVAE,LogisticRegression,101
0.6550665301944729,0.7366038808881914,0.7110506200365941,0.6438631790744467,0.6666666666666666,0.6808712121212122,0.12783960199749383,1.3384935373644333,0.09288061336254105,0.09288061336254105,compas,S5,TVAE,RandomForest,101
0.64,0.7302905087051829,0.712298278401769,0.6277665995975855,0.6527196652719666,0.6676136363636364,0.07333869489591716,1.179509247390588,0.05063891931361808,0.05063891931361808,compas,S5,TVAE,CatBoost,101
0.6260683760683761,0.7205558935005381,0.6832927573327761,0.5895372233400402,0.6674259681093394,0.6685606060606061,0.015871472122991725,1.0390753787355527,0.029700620664476096,0.07305847772277227,compas,S5,TVAE,LogisticRegression,13
0.6430062630480167,0.7330296627709008,0.7189550892209475,0.6197183098591549,0.6681127982646421,0.6761363636363636,0.1255690425870163,1.3477932034811437,0.12931726907630525,0.12931726907630525,compas,S5,TVAE,RandomForest,13
0.6402502606882169,0.7249561771343626,0.701538205042663,0.6177062374245473,0.6645021645021645,0.6732954545454546,0.0402416443787757,1.0973662774911757,0.053723986856517025,0.053723986856517025,compas,S5,TVAE,CatBoost,13
0.6234567901234568,0.711427779557488,0.7056048750108785,0.6096579476861167,0.6378947368421053,0.6534090909090909,0.013312884583013829,1.0301329269325206,0.06889375684556409,0.10255517739273928,compas,S5,TVAE,LogisticRegression,555
0.6411582213029989,0.7138843796229974,0.7088189735398334,0.6237424547283702,0.6595744680851063,0.6714015151515151,0.11209157050143082,1.2967959193780023,0.10812340270171594,0.10812340270171594,compas,S5,TVAE,RandomForest,555
0.6413934426229508,0.7172408331923563,0.7092086311101338,0.6297786720321932,0.6534446764091858,0.6685606060606061,0.06306319786036246,1.1517120359955006,0.07179627601314353,0.07179627601314353,compas,S5,TVAE,CatBoost,555
0.6194690265486725,0.6813942690130046,0.6555996867568332,0.6338028169014085,0.6057692307692307,0.6335227272727273,0.024927525389492555,1.052211384024758,0.059675063891931335,0.06571008663366334,compas,S5,TVAE,LogisticRegression,777
0.6244979919678715,0.7053825637186266,0.6704730057719541,0.6257545271629779,0.6232464929859719,0.6458333333333334,0.13011016140797127,1.3299781804382886,0.1383534136546185,0.1383534136546185,compas,S5,TVAE,RandomForest,777
0.6272189349112426,0.7044053228134459,0.6795410297638552,0.6398390342052314,0.6150870406189555,0.6420454545454546,0.05970411655787683,1.1315991260254772,0.05963855421686748,0.05963855421686748,compas,S5,TVAE,CatBoost,777
0.6012526096033403,0.6864784413097547,0.6684102244837036,0.579476861167002,0.6247288503253796,0.6382575757575758,0.19667084369798188,1.6178986954988834,0.2414567360350493,0.2414567360350493,compas,S5,TabDDPM,LogisticRegression,42
0.6274089935760171,0.7170770598546556,0.6889770629311943,0.5895372233400402,0.6704805491990846,0.6704545454545454,0.25367796958871824,1.9708947745168217,0.2383716684921504,0.2383716684921504,compas,S5,TabDDPM,RandomForest,42
0.6221743810548978,0.716943881536086,0.6908132341828934,0.5814889336016097,0.6689814814814815,0.6676136363636364,0.23000355359380553,1.8493990882718607,0.21725082146768898,0.21725082146768898,compas,S5,TabDDPM,CatBoost,42
0.5962180200222469,0.7180830960719595,0.6929476271098118,0.5392354124748491,0.6666666666666666,0.65625,-0.09374754521480538,0.7855015405682986,-0.13632712668857244,0.13632712668857244,compas,S5,TabDDPM,LogisticRegression,123
0.6205405405405405,0.7281614553150747,0.7008092458204873,0.5774647887323944,0.6705607476635514,0.6676136363636364,0.06570033852656781,1.179609367010942,0.06606425702811247,0.06606425702811247,compas,S5,TabDDPM,RandomForest,123
0.6166842661034847,0.7174046065300569,0.6881825302377782,0.5875251509054326,0.6488888888888888,0.65625,-0.03395739428058425,0.9239571117440109,-0.03682000730193491,0.10552031765676567,compas,S5,TabDDPM,CatBoost,123
0.5929304446978335,0.7250443627777398,0.7015981148431809,0.5231388329979879,0.6842105263157895,0.6619318181818182,0.084912188826753,1.2749848576620233,0.20248265790434467,0.20248265790434467,compas,S5,TabDDPM,LogisticRegression,999
0.5952109464082098,0.7355078593205027,0.7146394995216707,0.5251509054325956,0.6868421052631579,0.6638257575757576,0.2231656909869639,1.9889763779527558,0.35065717415115005,0.35065717415115005,compas,S5,TabDDPM,RandomForest,999
0.6192560175054704,0.7370646058821623,0.7079711377124581,0.5694164989939637,0.6786570743405276,0.6704545454545454,0.15503020554734698,1.5139190278380557,0.23546914932457097,0.23546914932457097,compas,S5,TabDDPM,CatBoost,999
0.55930359085963,0.6714904813496363,0.6377688195939979,0.5171026156941649,0.6090047393364929,0.6164772727272727,-0.27950698561729664,0.5076466906071888,-0.3236947791164658,0.3236947791164658,compas,S5,TabDDPM,LogisticRegression,2024
0.5941240478781284,0.6869031721635717,0.6522565662125945,0.5492957746478874,0.6469194312796208,0.646780303030303,-0.030650681728916884,0.926682176091625,-0.039612997444322784,0.09198380775577558,compas,S5,TabDDPM,RandomForest,2024
0.6038543897216274,0.6823823081602316,0.6478729731125997,0.5674044265593562,0.6453089244851259,0.6496212121212122,-0.14923223670675373,0.7036473035210221,-0.18488499452354878,0.19469368811881188,compas,S5,TabDDPM,CatBoost,2024
0.6152241918665277,0.7107708864996779,0.6814152097831583,0.5935613682092555,0.6385281385281385,0.6505681818181818,0.08764284511941944,1.2277631962671332,0.081087988316904,0.081087988316904,compas,S5,TabDDPM,LogisticRegression,7
0.6278586278586279,0.7260719954791359,0.6901551272456259,0.607645875251509,0.6494623655913978,0.6609848484848485,0.22272055660500867,1.7268632118659584,0.22918948521358157,0.22918948521358157,compas,S5,TabDDPM,RandomForest,7
0.6363636363636364,0.7207178671312311,0.6815042919048578,0.6197183098591549,0.6539278131634819,0.6666666666666666,0.12946677389791833,1.3516484632969266,0.10209930631617381,0.10209930631617381,compas,S5,TabDDPM,CatBoost,7
0.5787709497206703,0.7003991750143077,0.6615160796138134,0.5211267605633803,0.6507537688442211,0.6429924242424242,-0.1513980586155947,0.6764538950397697,-0.1543629061701351,0.2186726485148515,compas,S5,TabDDPM,LogisticRegression,88
0.5954545454545455,0.7251829402173326,0.6977526933042497,0.5271629778672032,0.6840731070496083,0.6628787878787878,0.08963659827557185,1.2902846759539672,0.11778021175611542,0.11778021175611542,compas,S5,TabDDPM,RandomForest,88
0.6115879828326181,0.7078805570453129,0.6814246971223007,0.5734406438631791,0.6551724137931034,0.6571969696969697,-0.04572914133951783,0.8959353053841242,-0.03068638189120121,0.1319229579207921,compas,S5,TabDDPM,CatBoost,88
0.5884907709011944,0.6648387642491803,0.6356518389736916,0.545271629778672,0.6391509433962265,0.6410984848484849,-0.019600875306263643,0.9525748936555345,-0.08192771084337347,0.08192771084337347,compas,S5,TabDDPM,LogisticRegression,101
0.6407563025210085,0.7373435604683558,0.6988959304844541,0.613682092555332,0.6703296703296703,0.6761363636363636,0.09241962331905662,1.2462573507425496,0.05677254472435189,0.05677254472435189,compas,S5,TabDDPM,RandomForest,101
0.6370217166494312,0.7267324879509616,0.6914575430750385,0.6197183098591549,0.6553191489361702,0.6676136363636364,-0.0024613312884582683,0.994488188976378,-0.01584519897772907,0.07069925742574257,compas,S5,TabDDPM,CatBoost,101
0.5292792792792793,0.65042311111751,0.6111361411513542,0.47283702213279677,0.6010230179028133,0.6041666666666666,-0.40337778442777794,0.3417750106818043,-0.40810514786418406,0.4580368193069307,compas,S5,TabDDPM,LogisticRegression,13
0.5526590198123045,0.6461110131270629,0.6231518283021998,0.5331991951710262,0.5735930735930735,0.59375,-0.485121663830026,0.3347354382005181,-0.5082694414019715,0.5245075288778878,compas,S5,TabDDPM,RandomForest,13
0.5740932642487047,0.6515965200865299,0.6216762010270902,0.5573440643863179,0.5918803418803419,0.6107954545454546,-0.4243215441300241,0.39238309497027163,-0.4086162833150785,0.5010700288778878,compas,S5,TabDDPM,CatBoost,13
0.5720572057205721,0.6730148331851575,0.6591806161408625,0.5231388329979879,0.6310679611650486,0.6316287878787878,0.18665719041651863,1.671646813379097,0.1934100036509675,0.1934100036509675,compas,S5,TabDDPM,LogisticRegression,555
0.6239130434782608,0.7211587953481173,0.7206139438248251,0.5774647887323944,0.6784869976359338,0.6723484848484849,0.2632315259879926,2.0864752200092638,0.3110259218692954,0.3110259218692954,compas,S5,TabDDPM,RandomForest,555
0.6505263157894737,0.7306882439538843,0.7298078634592993,0.6217303822937625,0.6821192052980133,0.6856060606060606,0.24727401948865652,1.8822234085146134,0.25934647681635636,0.25934647681635636,compas,S5,TabDDPM,CatBoost,555
0.5151515151515151,0.6080562084492644,0.572659067467121,0.4788732394366197,0.5573770491803278,0.5757575757575758,-0.358535171227112,0.42167315292484997,-0.3446330777656079,0.41398514851485146,compas,S5,TabDDPM,LogisticRegression,777
0.5901309164149043,0.6646695917904566,0.6202034438025785,0.5895372233400402,0.5907258064516129,0.6145833333333334,-0.24197355378083685,0.6066761925029641,-0.20618838992332966,0.3317476278877888,compas,S5,TabDDPM,RandomForest,777
0.5854145854145855,0.6641098829110621,0.6289701951034421,0.5895372233400402,0.5813492063492064,0.6070075757575758,-0.2609759290777489,0.5884986286826506,-0.25155166119021544,0.3269647277227723,compas,S5,TabDDPM,CatBoost,777
